CustomerID,Gender,SeniorCitizen,Partner,Dependents,TenureMonths,Contract,InternetService,PaperlessBilling,PaymentMethod,OnlineSecurity,TechSupport,StreamingService,MonthlyCharges,TotalCharges,Churn
CUST11179,Male,0,Yes,No,48,Month-to-month,No,Yes,Electronic check,No,No,No,30.87,1345.93,No
CUST10866,Male,0,No,Yes,19,Month-to-month,DSL,No,Credit card,Yes,No,Yes,47.31,827.13,No
CUST10102,Female,0,No,No,21,Month-to-month,DSL,No,Electronic check,No,Yes,No,52.2,1187.29,No
CUST10440,Male,0,Yes,No,16,Two year,Fiber optic,Yes,Credit card,No,No,No,58.04,818.51,No
CUST10059,Male,0,No,No,55,One year,Fiber optic,No,Bank transfer,No,Yes,Yes,73.55,4097.45,No
CUST11121,Female,0,Yes,Yes,51,Month-to-month,Fiber optic,No,Bank transfer,Yes,No,Yes,73.44,3737.85,No
CUST10324,Female,0,Yes,No,43,Month-to-month,No,Yes,Bank transfer,No,No,No,33.64,1266.92,No
CUST10975,Female,0,Yes,No,23,One year,Fiber optic,Yes,Electronic check,Yes,No,Yes,64.71,1542.99,No
CUST10412,Female,1,Yes,No,47,Month-to-month,DSL,Yes,Electronic check,No,Yes,No,46.87,2164.71,No
CUST10856,Male,1,Yes,Yes,15,Two year,DSL,Yes,Electronic check,Yes,Yes,No,57.09,758.64,No
CUST10821,Male,0,No,No,7,Month-to-month,DSL,Yes,Mailed check,No,No,No,42.26,329.51,No
CUST10045,Female,0,No,No,59,Two year,Fiber optic,Yes,Mailed check,No,No,Yes,64.55,3802.27,No
CUST10050,Female,0,Yes,No,61,Month-to-month,DSL,Yes,Credit card,Yes,Yes,Yes,58.92,3612.73,No
CUST10850,Female,0,Yes,No,69,Month-to-month,DSL,No,Mailed check,No,Yes,Yes,63.59,4415.63,No
CUST10241,Female,0,No,Yes,6,One year,DSL,Yes,Electronic check,No,No,Yes,53.08,239.95,No
CUST10171,Female,0,No,No,21,One year,Fiber optic,Yes,Mailed check,Yes,Yes,Yes,73.14,1600.13,No
CUST10524,Male,0,No,Yes,60,Month-to-month,No,No,Mailed check,No,No,No,29.11,1721.29,No
CUST10766,Male,0,Yes,No,43,One year,No,Yes,Bank transfer,No,No,No,27.28,1329.82,No
CUST10839,Female,0,No,No,16,Two year,Fiber optic,No,Bank transfer,No,No,Yes,59.45,939.14,No
CUST10424,Male,1,No,Yes,46,Month-to-month,Fiber optic,No,Bank transfer,Yes,No,No,61.44,2813.79,Yes
CUST10381,Female,0,No,Yes,54,Month-to-month,DSL,No,Mailed check,No,No,No,39.87,2144.79,No
CUST10610,Female,1,No,Yes,31,Month-to-month,DSL,No,Bank transfer,Yes,Yes,Yes,70.53,2295.68,No
CUST10677,Female,0,Yes,No,12,Two year,Fiber optic,No,Electronic check,No,Yes,Yes,71.91,1006.31,No
CUST10345,Male,0,Yes,No,68,Month-to-month,DSL,Yes,Electronic check,Yes,Yes,No,56.31,3881.6,No
CUST10110,Male,0,Yes,No,28,Two year,Fiber optic,Yes,Mailed check,Yes,Yes,Yes,71.86,1995.15,No
CUST10278,Female,0,Yes,Yes,35,One year,Fiber optic,No,Mailed check,Yes,No,No,62.49,2278.51,Yes
CUST10678,Female,1,No,Yes,55,Month-to-month,No,Yes,Mailed check,No,No,No,29.66,1561.73,No
CUST10571,Female,0,No,No,58,One year,Fiber optic,Yes,Electronic check,Yes,No,No,66.42,3874.11,No
CUST10359,Male,0,Yes,No,18,One year,No,No,Credit card,No,No,No,36.06,572.02,No
CUST10599,Female,0,Yes,Yes,46,Two year,Fiber optic,No,Credit card,Yes,No,Yes,74.09,3522.84,No
CUST10391,Male,0,No,No,60,Month-to-month,DSL,No,Electronic check,No,No,Yes,43.98,2675.92,Yes
CUST10894,Male,0,No,No,26,Month-to-month,DSL,Yes,Bank transfer,No,No,No,42.57,1185.89,No
CUST10693,Male,0,No,No,59,Month-to-month,DSL,Yes,Credit card,Yes,Yes,Yes,54.42,3208.95,No
CUST10728,Male,0,No,Yes,30,Month-to-month,DSL,Yes,Mailed check,No,No,No,43.73,1245.4,No
CUST10363,Male,0,Yes,No,47,One year,Fiber optic,Yes,Credit card,No,Yes,Yes,69.76,3214.51,No
CUST10597,Male,1,Yes,Yes,61,Two year,Fiber optic,Yes,Bank transfer,Yes,Yes,No,69.95,4317.94,No
CUST10428,Female,1,Yes,Yes,64,Two year,Fiber optic,No,Bank transfer,Yes,Yes,No,70.28,4640.31,No
CUST10071,Female,0,No,Yes,1,One year,Fiber optic,No,Credit card,Yes,Yes,Yes,75.25,184.55,No
CUST10322,Male,0,Yes,No,39,Month-to-month,Fiber optic,Yes,Mailed check,No,Yes,No,60.95,2502.42,No
CUST10653,Male,0,Yes,Yes,39,Two year,DSL,Yes,Electronic check,Yes,Yes,Yes,66.17,2641.0,No
CUST11066,Male,1,No,No,2,Two year,DSL,No,Electronic check,Yes,Yes,No,54.2,158.66,No
CUST10108,Female,0,No,No,19,Month-to-month,Fiber optic,No,Mailed check,No,Yes,Yes,73.79,1513.29,No
CUST11109,Female,0,No,No,16,Month-to-month,No,No,Credit card,No,No,No,21.39,352.85,No
CUST10356,Male,0,No,Yes,9,Two year,Fiber optic,Yes,Electronic check,Yes,No,No,63.22,460.95,No
CUST10951,Male,1,No,Yes,59,Month-to-month,Fiber optic,Yes,Mailed check,Yes,No,Yes,71.17,4188.96,No
CUST10343,Male,0,No,Yes,4,Two year,DSL,Yes,Credit card,No,No,Yes,46.66,48.57,No
CUST10355,Female,0,No,No,3,One year,Fiber optic,Yes,Mailed check,Yes,Yes,No,69.96,145.98,No
CUST10024,Female,0,No,No,41,Month-to-month,Fiber optic,Yes,Electronic check,No,Yes,Yes,66.09,2547.81,No
CUST10044,Female,0,No,No,8,Month-to-month,Fiber optic,Yes,Electronic check,No,No,Yes,69.66,590.26,Yes
CUST10244,Male,1,No,No,72,Month-to-month,Fiber optic,Yes,Bank transfer,No,Yes,No,58.44,4300.27,No
CUST10738,Male,0,No,No,64,Month-to-month,Fiber optic,Yes,Mailed check,Yes,No,Yes,65.93,4242.68,No
CUST11136,Male,1,Yes,Yes,6,One year,DSL,Yes,Bank transfer,Yes,No,No,49.15,155.47,No
CUST10368,Female,0,No,Yes,58,Month-to-month,DSL,Yes,Electronic check,Yes,No,No,43.14,2437.9,No
CUST10164,Female,0,No,Yes,4,Month-to-month,Fiber optic,Yes,Electronic check,Yes,No,No,66.41,257.49,No
CUST11116,Male,1,Yes,No,49,Two year,No,Yes,Electronic check,No,No,No,31.17,1532.98,No
CUST10333,Female,1,Yes,Yes,32,Month-to-month,Fiber optic,Yes,Bank transfer,Yes,No,Yes,65.32,2138.12,No
CUST10989,Female,0,No,Yes,42,Two year,Fiber optic,Yes,Bank transfer,Yes,Yes,No,65.24,2713.89,No
CUST11173,Male,1,No,No,42,Month-to-month,Fiber optic,Yes,Electronic check,No,Yes,Yes,73.22,3131.06,No
CUST11002,Male,0,Yes,Yes,17,Month-to-month,Fiber optic,Yes,Electronic check,No,No,Yes,63.48,1032.87,No
CUST10378,Male,0,No,Yes,64,Month-to-month,DSL,Yes,Mailed check,Yes,No,Yes,58.7,3719.8,No
CUST10310,Female,0,Yes,Yes,24,One year,Fiber optic,Yes,Mailed check,Yes,No,No,60.51,1515.05,No
CUST10156,Female,0,Yes,No,35,Month-to-month,No,No,Electronic check,No,No,No,30.44,1053.29,No
CUST10211,Male,1,No,No,63,One year,DSL,Yes,Mailed check,No,Yes,Yes,56.91,3539.37,No
CUST10087,Female,0,Yes,No,43,One year,No,Yes,Credit card,No,No,No,30.24,1318.35,No
CUST10169,Male,0,Yes,No,30,Two year,Fiber optic,No,Bank transfer,No,No,Yes,61.71,1961.75,No
CUST10995,Female,0,Yes,No,57,One year,DSL,No,Mailed check,Yes,No,No,43.68,2479.96,No
CUST10052,Female,0,Yes,No,2,Two year,No,Yes,Mailed check,No,No,No,33.79,47.71,No
CUST10439,Male,0,No,No,22,Month-to-month,Fiber optic,Yes,Credit card,Yes,No,Yes,70.63,1315.58,No
CUST10550,Male,1,No,No,60,Month-to-month,No,No,Bank transfer,No,No,No,35.99,2411.74,No
CUST10491,Female,1,No,No,16,Month-to-month,No,Yes,Mailed check,No,No,No,27.89,508.83,No
CUST10426,Male,0,Yes,No,19,Month-to-month,DSL,Yes,Electronic check,No,No,No,45.76,853.28,No
CUST10136,Male,1,No,No,9,Two year,Fiber optic,No,Electronic check,No,Yes,Yes,71.98,608.78,No
CUST11192,Male,0,Yes,Yes,50,Two year,DSL,Yes,Credit card,Yes,Yes,Yes,57.03,2812.22,No
CUST10055,Male,0,No,No,13,Month-to-month,Fiber optic,No,Credit card,Yes,Yes,Yes,71.53,833.31,Yes
CUST10079,Male,1,Yes,Yes,72,Month-to-month,Fiber optic,No,Bank transfer,Yes,No,No,59.66,4193.69,No
CUST10431,Male,0,Yes,No,55,One year,Fiber optic,Yes,Electronic check,No,Yes,No,63.55,3367.38,No
CUST10185,Male,0,No,No,21,Month-to-month,Fiber optic,Yes,Credit card,Yes,No,Yes,73.02,1552.68,No
CUST10057,Female,0,Yes,No,43,Month-to-month,DSL,No,Bank transfer,Yes,No,No,50.88,2255.69,No
CUST10943,Female,0,No,No,65,Month-to-month,DSL,Yes,Bank transfer,No,No,No,40.96,2610.15,No
CUST10851,Male,0,No,No,69,One year,No,Yes,Credit card,No,No,No,32.08,2042.5,No
CUST11164,Female,0,No,No,68,Month-to-month,Fiber optic,No,Mailed check,No,No,Yes,65.48,4452.01,No
CUST10219,Female,0,Yes,No,52,Month-to-month,DSL,Yes,Bank transfer,No,No,Yes,48.89,2570.37,No
CUST10845,Male,1,No,No,9,One year,DSL,No,Bank transfer,No,No,Yes,54.27,397.16,No
CUST10114,Female,0,No,No,68,Month-to-month,Fiber optic,Yes,Electronic check,No,No,Yes,62.86,4177.25,No
CUST10549,Female,1,No,No,39,One year,Fiber optic,Yes,Credit card,No,No,Yes,64.12,2337.0,No
CUST11019,Female,0,Yes,Yes,18,Month-to-month,DSL,No,Electronic check,Yes,Yes,No,52.71,983.45,No
CUST11073,Female,1,Yes,No,63,Two year,Fiber optic,No,Mailed check,Yes,No,Yes,77.5,4977.05,No
CUST10175,Female,0,Yes,Yes,15,Month-to-month,Fiber optic,Yes,Bank transfer,No,No,Yes,71.44,1063.97,No
CUST11023,Female,0,Yes,No,1,Two year,DSL,No,Mailed check,No,No,No,47.19,117.67,No
CUST10616,Male,0,Yes,No,13,One year,DSL,No,Credit card,No,No,No,38.62,439.22,No
CUST10514,Female,0,No,No,43,One year,DSL,No,Bank transfer,Yes,No,No,44.08,1781.15,No
CUST10462,Male,1,Yes,Yes,4,One year,Fiber optic,No,Credit card,No,No,No,60.86,349.59,No
CUST10287,Male,0,No,Yes,17,Two year,DSL,Yes,Mailed check,Yes,No,Yes,50.79,720.93,No
CUST10382,Female,0,Yes,No,16,Month-to-month,No,Yes,Mailed check,No,No,No,26.72,483.89,Yes
CUST11008,Male,0,No,No,41,One year,Fiber optic,No,Credit card,Yes,No,Yes,67.92,2808.67,No
CUST10671,Male,0,No,No,28,Month-to-month,Fiber optic,Yes,Credit card,No,No,Yes,59.76,1588.64,No
CUST10535,Male,0,Yes,No,47,Month-to-month,Fiber optic,Yes,Mailed check,No,No,No,54.31,2508.98,Yes
CUST10910,Female,0,No,No,60,Month-to-month,DSL,Yes,Bank transfer,No,No,Yes,49.51,3010.26,No
CUST10293,Male,0,No,Yes,13,Month-to-month,Fiber optic,Yes,Mailed check,Yes,No,No,62.29,801.94,Yes
CUST10124,Male,0,No,No,58,Month-to-month,No,Yes,Bank transfer,No,No,No,32.81,1936.42,No
CUST10583,Female,0,Yes,No,20,Two year,Fiber optic,Yes,Bank transfer,No,No,No,56.31,1275.59,No
CUST10141,Female,0,Yes,No,25,Month-to-month,No,Yes,Electronic check,No,No,No,26.08,734.54,No
CUST10736,Male,0,Yes,No,64,Month-to-month,DSL,No,Electronic check,No,No,No,33.13,2076.2,No
CUST10082,Female,0,No,No,12,Month-to-month,Fiber optic,No,Electronic check,Yes,Yes,Yes,78.19,1035.89,No
CUST10882,Female,0,No,Yes,71,Month-to-month,DSL,Yes,Mailed check,No,Yes,Yes,50.57,3507.23,No
CUST10740,Female,0,Yes,Yes,22,Month-to-month,Fiber optic,Yes,Bank transfer,Yes,Yes,No,69.29,1635.54,Yes
CUST11102,Female,0,Yes,No,67,Month-to-month,Fiber optic,No,Bank transfer,No,No,Yes,74.93,4911.21,No
CUST10909,Male,0,No,No,59,Month-to-month,Fiber optic,No,Mailed check,Yes,No,No,62.42,3821.27,No
CUST11167,Male,0,Yes,No,7,Month-to-month,DSL,No,Bank transfer,No,Yes,No,50.77,477.46,No
CUST10937,Female,0,No,No,35,One year,No,Yes,Bank transfer,No,No,No,36.32,1335.47,No
CUST10372,Female,1,No,Yes,10,Month-to-month,DSL,No,Credit card,Yes,No,Yes,57.08,654.96,No
CUST10890,Male,0,Yes,Yes,56,Month-to-month,No,No,Electronic check,No,No,No,26.0,1398.81,No
CUST10157,Male,0,Yes,No,53,Month-to-month,DSL,No,Mailed check,No,No,No,46.79,2616.43,No
CUST10992,Female,1,Yes,No,48,Month-to-month,DSL,No,Bank transfer,Yes,Yes,No,49.62,2274.71,No
CUST10622,Female,0,No,No,22,Two year,DSL,Yes,Mailed check,No,No,Yes,53.8,1015.26,No
CUST11038,Male,0,Yes,No,18,Month-to-month,Fiber optic,Yes,Mailed check,No,No,No,62.33,1277.77,No
CUST10245,Male,0,No,Yes,61,Month-to-month,Fiber optic,Yes,Credit card,Yes,No,Yes,61.17,3849.09,No
CUST10159,Male,1,Yes,Yes,26,Two year,Fiber optic,No,Electronic check,Yes,No,Yes,75.0,1995.01,No
CUST10746,Female,0,No,No,52,Month-to-month,Fiber optic,Yes,Electronic check,No,No,No,61.34,3191.56,No
CUST10193,Male,0,Yes,No,61,Month-to-month,DSL,Yes,Credit card,Yes,No,No,47.49,2875.31,No
CUST10534,Male,0,No,No,42,One year,Fiber optic,Yes,Electronic check,Yes,No,Yes,74.8,3187.73,Yes
CUST10904,Male,0,Yes,No,62,Month-to-month,No,No,Mailed check,No,No,No,34.4,1877.55,No
CUST11004,Male,0,No,No,41,One year,No,No,Electronic check,No,No,No,32.77,1454.62,No
CUST11070,Male,0,No,Yes,61,One year,Fiber optic,No,Credit card,No,No,No,55.89,3457.49,No
CUST10414,Male,0,Yes,Yes,23,Month-to-month,No,Yes,Bank transfer,No,No,No,33.58,816.09,No
CUST11187,Female,0,No,No,61,Two year,DSL,No,Credit card,No,No,No,38.49,2332.24,No
CUST10328,Male,0,Yes,Yes,6,Month-to-month,DSL,Yes,Electronic check,No,Yes,Yes,54.2,157.06,No
CUST10129,Female,0,Yes,Yes,48,Month-to-month,Fiber optic,Yes,Credit card,Yes,No,Yes,77.7,3755.8,Yes
CUST10695,Female,0,Yes,Yes,47,One year,No,Yes,Credit card,No,No,No,30.28,1412.3,No
CUST10631,Male,1,Yes,Yes,29,Two year,Fiber optic,Yes,Electronic check,Yes,No,Yes,78.6,2168.99,No
CUST10275,Male,0,No,No,19,Month-to-month,Fiber optic,No,Credit card,No,No,No,60.8,1169.47,No
CUST11148,Female,0,No,No,48,Month-to-month,DSL,Yes,Mailed check,No,No,No,42.97,2113.21,No
CUST10309,Female,0,Yes,Yes,8,Two year,Fiber optic,No,Credit card,No,No,Yes,61.61,498.22,No
CUST10234,Female,0,No,Yes,47,Two year,Fiber optic,No,Mailed check,No,No,No,52.77,2446.54,No
CUST11048,Male,0,Yes,No,30,Two year,Fiber optic,Yes,Mailed check,No,No,Yes,67.08,2035.22,No
CUST10623,Male,0,Yes,No,66,Month-to-month,DSL,Yes,Credit card,Yes,Yes,No,54.1,3409.26,No
CUST10644,Male,1,Yes,No,8,One year,No,Yes,Mailed check,No,No,No,30.34,418.97,No
CUST10479,Male,0,No,No,57,One year,DSL,No,Bank transfer,No,Yes,No,47.55,2739.35,No
CUST10472,Female,0,Yes,No,42,One year,Fiber optic,Yes,Credit card,Yes,No,Yes,79.24,3299.71,No
CUST10926,Male,0,No,No,45,Two year,Fiber optic,Yes,Mailed check,No,No,No,63.39,2771.33,No
CUST11098,Female,0,Yes,No,2,Month-to-month,DSL,Yes,Credit card,No,Yes,No,51.84,173.78,No
CUST10627,Male,0,Yes,No,1,Two year,No,Yes,Credit card,No,No,No,31.45,20.0,Yes
CUST10395,Male,0,No,No,27,One year,DSL,No,Credit card,Yes,Yes,Yes,58.09,1514.03,No
CUST10637,Male,1,No,No,65,Month-to-month,No,Yes,Bank transfer,No,No,No,32.28,2216.49,No
CUST10768,Female,1,Yes,Yes,32,Month-to-month,No,Yes,Credit card,No,No,No,31.18,1068.16,No
CUST10533,Male,0,No,Yes,40,Month-to-month,DSL,Yes,Mailed check,No,Yes,Yes,64.4,2562.94,Yes
CUST10718,Female,0,No,Yes,23,Two year,Fiber optic,Yes,Mailed check,Yes,Yes,Yes,70.23,1687.83,No
CUST10667,Female,0,Yes,Yes,42,Month-to-month,DSL,Yes,Mailed check,No,No,Yes,50.66,2186.27,No
CUST10598,Male,1,Yes,No,71,Month-to-month,DSL,Yes,Bank transfer,Yes,Yes,No,52.79,3819.86,No
CUST10482,Female,0,No,No,53,Month-to-month,Fiber optic,No,Electronic check,Yes,Yes,Yes,80.26,4158.77,No
CUST11103,Female,0,No,No,58,Month-to-month,Fiber optic,Yes,Bank transfer,No,No,Yes,63.23,3446.59,No
CUST10315,Male,0,Yes,Yes,66,Month-to-month,DSL,Yes,Credit card,No,No,Yes,51.13,3288.44,No
CUST10729,Male,0,Yes,No,17,One year,No,Yes,Electronic check,No,No,No,29.25,354.14,No
CUST10210,Male,0,No,Yes,72,Month-to-month,Fiber optic,Yes,Mailed check,Yes,Yes,Yes,69.27,4987.96,No
CUST10934,Male,0,Yes,Yes,63,Two year,DSL,No,Electronic check,No,No,Yes,43.48,2710.79,No
CUST10434,Female,0,No,Yes,25,One year,No,No,Electronic check,No,No,No,29.75,777.38,No
CUST10329,Female,0,Yes,Yes,56,Month-to-month,Fiber optic,Yes,Bank transfer,No,No,No,57.69,3229.8,Yes
CUST10261,Male,0,No,No,5,Two year,DSL,No,Credit card,No,Yes,No,46.69,184.37,No
CUST11117,Male,0,No,Yes,7,Two year,DSL,Yes,Mailed check,Yes,No,Yes,56.16,548.95,No
CUST10307,Female,0,Yes,Yes,31,One year,DSL,Yes,Bank transfer,No,No,No,42.31,1385.05,No
CUST11067,Male,0,No,No,13,Two year,No,Yes,Mailed check,No,No,No,26.8,315.51,No
CUST10928,Female,0,No,No,69,Month-to-month,DSL,Yes,Electronic check,No,Yes,Yes,55.87,3717.52,No
CUST11025,Female,0,Yes,No,45,Two year,DSL,Yes,Mailed check,No,No,Yes,52.75,2403.15,No
CUST10271,Female,0,No,No,13,Month-to-month,DSL,Yes,Mailed check,Yes,Yes,No,48.99,629.88,No
CUST10291,Male,0,No,No,32,Month-to-month,DSL,Yes,Electronic check,Yes,No,Yes,59.07,2228.02,No
CUST10813,Male,0,Yes,Yes,62,Month-to-month,Fiber optic,Yes,Electronic check,No,No,No,63.62,3986.58,No
CUST10097,Female,0,No,No,54,Month-to-month,Fiber optic,Yes,Bank transfer,No,No,Yes,65.23,3640.94,No
CUST10888,Female,0,No,No,10,Two year,DSL,No,Credit card,Yes,Yes,Yes,47.07,496.82,No
CUST10819,Female,0,Yes,No,18,Month-to-month,Fiber optic,Yes,Mailed check,No,No,Yes,69.41,1242.72,Yes
CUST10032,Male,1,Yes,No,20,One year,Fiber optic,Yes,Bank transfer,Yes,No,No,69.85,1553.24,No
CUST10763,Male,0,Yes,No,24,Month-to-month,DSL,No,Mailed check,Yes,Yes,No,51.19,1147.59,No
CUST10954,Female,1,Yes,No,28,Month-to-month,DSL,Yes,Bank transfer,Yes,No,No,49.05,1185.5,No
CUST10320,Female,0,Yes,Yes,18,Month-to-month,Fiber optic,No,Electronic check,No,Yes,No,63.47,1314.3,Yes
CUST10299,Male,0,Yes,No,40,Two year,Fiber optic,Yes,Credit card,No,No,Yes,61.32,2425.48,No
CUST10200,Male,1,Yes,Yes,59,Month-to-month,No,Yes,Mailed check,No,No,No,30.84,1809.92,No
CUST10561,Female,0,Yes,Yes,29,Month-to-month,Fiber optic,Yes,Electronic check,Yes,No,No,67.62,1832.83,Yes
CUST10179,Male,0,Yes,No,21,One year,Fiber optic,Yes,Mailed check,No,No,Yes,66.98,1678.06,No
CUST11132,Female,0,Yes,No,25,Month-to-month,DSL,Yes,Bank transfer,Yes,Yes,No,53.53,1376.67,No
CUST10089,Female,0,No,No,32,Month-to-month,Fiber optic,Yes,Mailed check,Yes,No,No,64.25,1960.06,No
CUST10788,Female,0,Yes,No,66,Month-to-month,DSL,Yes,Credit card,No,Yes,Yes,50.54,3337.57,No
CUST10725,Male,1,No,No,36,Two year,DSL,No,Electronic check,No,Yes,Yes,50.17,1864.03,No
CUST10827,Male,0,Yes,Yes,59,Month-to-month,Fiber optic,Yes,Electronic check,Yes,No,Yes,65.09,3804.67,Yes
CUST10209,Female,0,Yes,No,39,Month-to-month,Fiber optic,No,Mailed check,No,No,No,57.11,1954.35,No
CUST11040,Male,1,No,No,45,Month-to-month,DSL,No,Bank transfer,No,Yes,No,43.62,2014.95,No
CUST10297,Female,0,Yes,No,37,Month-to-month,DSL,Yes,Credit card,No,No,No,42.9,1598.5,No
CUST10998,Female,0,Yes,No,40,Month-to-month,DSL,Yes,Bank transfer,No,No,Yes,49.17,1991.95,No
CUST10498,Female,0,No,Yes,4,Two year,No,No,Credit card,No,No,No,27.31,238.87,No
CUST10835,Male,0,No,No,42,Two year,DSL,No,Credit card,Yes,Yes,Yes,59.28,2456.61,No
CUST10430,Female,0,No,Yes,27,Two year,Fiber optic,No,Mailed check,Yes,No,Yes,72.57,1970.14,No
CUST10507,Female,0,No,No,2,Two year,DSL,Yes,Credit card,No,No,Yes,52.78,148.57,No
CUST10831,Male,0,Yes,No,22,Two year,Fiber optic,Yes,Mailed check,Yes,Yes,Yes,73.88,1655.28,No
CUST10694,Female,0,Yes,No,52,One year,Fiber optic,Yes,Mailed check,Yes,Yes,No,68.74,3562.74,No
CUST10011,Male,0,Yes,No,62,Month-to-month,Fiber optic,No,Bank transfer,No,Yes,No,65.22,3986.45,No
CUST10848,Female,0,Yes,No,22,Month-to-month,Fiber optic,Yes,Electronic check,Yes,No,Yes,66.69,1442.46,No
CUST10463,Female,0,No,No,50,Month-to-month,Fiber optic,Yes,Bank transfer,Yes,No,No,63.4,3270.84,No
CUST10199,Male,0,Yes,Yes,56,Month-to-month,Fiber optic,Yes,Electronic check,Yes,No,No,64.8,3650.25,No
CUST10060,Male,0,Yes,No,40,Month-to-month,DSL,Yes,Bank transfer,Yes,No,Yes,64.29,2517.28,No
CUST10907,Female,0,Yes,No,28,Two year,No,No,Credit card,No,No,No,27.68,691.91,No
CUST10997,Male,0,No,No,21,One year,Fiber optic,Yes,Bank transfer,No,Yes,No,61.48,1458.21,No
CUST10276,Female,0,Yes,Yes,63,One year,Fiber optic,No,Mailed check,No,Yes,No,56.57,3724.28,No
CUST10809,Female,0,No,No,9,Month-to-month,Fiber optic,Yes,Mailed check,No,No,Yes,71.74,621.93,No
CUST10908,Male,0,No,Yes,18,One year,Fiber optic,No,Bank transfer,Yes,No,Yes,70.99,1228.73,No
CUST10658,Male,0,No,Yes,13,Month-to-month,Fiber optic,Yes,Credit card,No,Yes,Yes,74.06,1037.75,Yes
CUST10957,Female,0,Yes,No,37,Month-to-month,DSL,Yes,Credit card,No,No,Yes,53.72,1989.23,No
CUST10886,Male,0,Yes,Yes,44,One year,DSL,Yes,Mailed check,No,No,No,39.85,1844.09,No
CUST10221,Male,0,Yes,No,55,Month-to-month,DSL,Yes,Credit card,Yes,Yes,No,52.86,3016.76,No
CUST10789,Female,1,Yes,No,12,One year,DSL,No,Bank transfer,No,Yes,Yes,51.83,619.73,Yes
CUST10712,Female,1,Yes,Yes,4,One year,No,No,Credit card,No,No,No,35.45,166.05,No
CUST10714,Female,0,No,Yes,7,Month-to-month,DSL,Yes,Credit card,Yes,Yes,Yes,62.45,518.95,No
CUST11113,Female,0,No,No,35,Month-to-month,No,Yes,Bank transfer,No,No,No,20.0,658.49,No
CUST11191,Male,0,Yes,No,23,One year,Fiber optic,Yes,Bank transfer,No,No,Yes,66.66,1633.67,Yes
CUST10790,Male,0,No,No,36,Month-to-month,Fiber optic,Yes,Credit card,No,No,Yes,61.24,2239.0,No
CUST10416,Male,1,No,No,14,Month-to-month,DSL,No,Mailed check,No,No,No,41.37,428.18,No
CUST10899,Male,0,Yes,No,6,Month-to-month,DSL,Yes,Mailed check,Yes,No,Yes,54.27,383.35,No
CUST10935,Female,0,Yes,No,55,Two year,DSL,Yes,Credit card,No,No,Yes,47.04,2334.85,No
CUST10266,Female,0,No,Yes,64,One year,Fiber optic,Yes,Bank transfer,Yes,No,No,63.36,3924.17,No
CUST10632,Female,0,Yes,No,54,Two year,Fiber optic,Yes,Electronic check,No,No,No,59.57,3120.99,No
CUST10248,Male,1,No,No,27,Two year,DSL,Yes,Bank transfer,No,No,No,48.4,1183.81,No
CUST10683,Male,0,No,Yes,11,Month-to-month,DSL,No,Credit card,Yes,No,Yes,61.16,569.75,No
CUST10559,Female,1,No,Yes,57,Two year,DSL,Yes,Credit card,Yes,No,Yes,55.48,3081.92,No
CUST11137,Male,0,Yes,Yes,29,Two year,DSL,Yes,Electronic check,Yes,No,No,50.78,1523.97,No
CUST10968,Female,0,Yes,Yes,46,One year,DSL,Yes,Electronic check,No,Yes,No,45.64,2047.31,No
CUST11005,Male,0,No,No,66,Month-to-month,DSL,No,Credit card,No,No,No,41.18,2826.13,Yes
CUST10985,Female,1,No,Yes,44,One year,Fiber optic,Yes,Credit card,No,Yes,Yes,68.76,3013.01,No
CUST10295,Female,0,No,No,58,Month-to-month,Fiber optic,Yes,Electronic check,Yes,Yes,No,65.54,3753.3,No
CUST10520,Female,0,No,No,66,Two year,No,Yes,Bank transfer,No,No,No,32.15,2097.11,No
CUST10771,Male,1,No,No,29,Month-to-month,DSL,No,Credit card,Yes,No,No,52.13,1523.83,No
CUST10084,Female,0,No,Yes,42,Two year,No,Yes,Electronic check,No,No,No,26.62,1157.52,No
CUST10232,Female,0,No,No,8,Month-to-month,Fiber optic,Yes,Electronic check,No,Yes,Yes,66.84,436.68,No
CUST10621,Female,1,Yes,Yes,25,One year,Fiber optic,No,Mailed check,No,Yes,No,67.9,1687.74,No
CUST10334,Male,0,No,No,18,Month-to-month,Fiber optic,Yes,Electronic check,Yes,No,No,63.9,1147.48,No
CUST10130,Female,0,Yes,No,40,Two year,Fiber optic,Yes,Bank transfer,Yes,Yes,Yes,72.4,2989.34,No
CUST11012,Male,0,No,Yes,45,One year,Fiber optic,No,Credit card,No,Yes,Yes,68.86,3127.09,No
CUST10645,Female,0,No,No,29,Month-to-month,DSL,Yes,Mailed check,No,Yes,Yes,50.65,1617.24,No
CUST10974,Male,1,Yes,No,6,Month-to-month,DSL,Yes,Electronic check,No,Yes,No,46.74,333.3,No
CUST10383,Female,0,No,No,18,One year,Fiber optic,Yes,Electronic check,No,Yes,No,66.82,1175.89,Yes
CUST10868,Female,0,No,No,8,Month-to-month,Fiber optic,Yes,Credit card,No,No,Yes,59.93,505.4,Yes
CUST10543,Male,0,No,Yes,66,Month-to-month,Fiber optic,Yes,Electronic check,No,No,No,48.04,3227.09,No
CUST11194,Female,0,Yes,No,27,Month-to-month,DSL,No,Credit card,Yes,Yes,Yes,55.47,1507.97,No
CUST10875,Female,0,Yes,No,8,Month-to-month,Fiber optic,No,Electronic check,Yes,No,Yes,71.1,582.19,Yes
CUST10332,Male,0,Yes,No,6,One year,DSL,No,Mailed check,Yes,Yes,No,56.47,344.49,No
CUST10410,Female,0,No,No,36,Month-to-month,Fiber optic,Yes,Mailed check,No,Yes,No,61.95,2313.11,Yes
CUST10077,Female,0,No,Yes,57,Month-to-month,Fiber optic,Yes,Credit card,No,No,No,58.19,3422.91,No
CUST10869,Male,1,Yes,No,8,Month-to-month,DSL,No,Electronic check,Yes,Yes,Yes,60.18,558.83,No
CUST10139,Male,0,Yes,No,31,Month-to-month,Fiber optic,No,Credit card,Yes,No,No,61.51,2007.15,No
CUST10544,Female,0,Yes,No,12,Month-to-month,DSL,No,Credit card,No,No,Yes,54.87,542.26,No
CUST10674,Female,0,No,Yes,56,Month-to-month,Fiber optic,No,Bank transfer,No,No,No,58.58,3180.15,No
CUST10921,Male,0,Yes,No,26,Month-to-month,DSL,Yes,Bank transfer,Yes,No,Yes,58.18,1551.19,No
CUST10064,Male,0,Yes,No,52,Month-to-month,DSL,No,Credit card,No,No,No,45.87,2481.85,No
CUST10142,Male,0,No,No,34,Month-to-month,DSL,Yes,Bank transfer,Yes,Yes,Yes,56.92,1762.66,No
CUST10717,Male,0,Yes,No,45,Month-to-month,No,Yes,Credit card,No,No,No,39.2,1757.0,No
CUST10377,Female,0,Yes,Yes,64,One year,Fiber optic,Yes,Electronic check,No,Yes,Yes,76.1,4755.05,No
CUST10364,Female,0,Yes,No,30,One year,Fiber optic,No,Bank transfer,No,No,Yes,67.61,1825.64,No
CUST10140,Male,0,No,No,14,Month-to-month,No,Yes,Mailed check,No,No,No,22.9,375.45,No
CUST10885,Female,0,Yes,No,24,One year,No,Yes,Mailed check,No,No,No,27.93,630.39,No
CUST11042,Female,1,Yes,No,21,Month-to-month,Fiber optic,No,Credit card,No,No,No,60.59,1070.38,No
CUST10225,Female,0,Yes,No,65,Two year,Fiber optic,No,Electronic check,Yes,No,No,66.95,4279.9,No
CUST10515,Female,0,No,Yes,67,One year,Fiber optic,Yes,Mailed check,Yes,No,Yes,71.98,4704.16,No
CUST10267,Female,0,No,Yes,18,Two year,Fiber optic,No,Mailed check,Yes,No,Yes,69.88,1242.49,No
CUST11170,Male,0,Yes,No,71,Two year,Fiber optic,No,Mailed check,No,No,No,55.01,3898.48,No
CUST10487,Male,0,Yes,No,2,Month-to-month,Fiber optic,No,Mailed check,No,No,Yes,66.8,230.73,No
CUST10353,Male,0,No,Yes,22,Month-to-month,DSL,Yes,Electronic check,No,No,Yes,51.17,1109.83,No
CUST11006,Male,0,No,No,25,Two year,DSL,No,Credit card,No,No,Yes,48.45,1145.24,No
CUST10618,Female,0,Yes,No,5,Month-to-month,Fiber optic,Yes,Mailed check,Yes,Yes,Yes,73.16,290.43,No
CUST10668,Female,0,No,No,26,One year,Fiber optic,No,Bank transfer,No,Yes,No,66.86,1571.23,No
CUST10775,Female,0,Yes,Yes,31,Month-to-month,DSL,Yes,Bank transfer,No,No,No,43.83,1431.03,No
CUST10554,Female,0,Yes,No,36,Month-to-month,Fiber optic,Yes,Credit card,Yes,No,Yes,70.69,2593.47,No
CUST10576,Female,0,Yes,Yes,36,Month-to-month,Fiber optic,No,Mailed check,No,No,Yes,65.95,2277.08,Yes
CUST10915,Female,0,Yes,Yes,27,Month-to-month,No,Yes,Electronic check,No,No,No,28.72,655.17,Yes
CUST10466,Male,0,Yes,No,37,Two year,No,Yes,Mailed check,No,No,No,33.24,1090.43,No
CUST10591,Male,0,No,Yes,68,Month-to-month,Fiber optic,No,Bank transfer,No,Yes,Yes,77.47,5247.0,No
CUST10765,Male,0,Yes,Yes,50,Month-to-month,No,No,Mailed check,No,No,No,35.53,1748.08,No
CUST10635,Female,0,No,Yes,46,Month-to-month,Fiber optic,Yes,Credit card,No,Yes,No,57.65,2847.09,No
CUST10838,Male,0,No,No,55,One year,DSL,Yes,Electronic check,No,Yes,No,43.6,2474.12,No
CUST10290,Female,0,No,No,65,Two year,Fiber optic,No,Credit card,No,No,Yes,58.67,3741.11,No
CUST10040,Male,0,Yes,Yes,72,Month-to-month,No,Yes,Bank transfer,No,No,No,28.66,2059.24,No
CUST10031,Male,0,No,No,49,Month-to-month,Fiber optic,Yes,Mailed check,No,No,Yes,61.56,2898.74,No
CUST10243,Female,0,Yes,No,14,Month-to-month,Fiber optic,Yes,Bank transfer,Yes,Yes,No,66.24,1000.93,No
CUST10429,Male,0,No,No,37,Two year,DSL,No,Mailed check,Yes,Yes,No,52.47,2058.5,No
CUST10137,Male,0,Yes,No,16,Two year,Fiber optic,No,Bank transfer,Yes,No,No,58.23,885.06,No
CUST11101,Male,1,No,Yes,70,One year,No,Yes,Credit card,No,No,No,26.98,1857.48,No
CUST10865,Female,1,No,No,38,Month-to-month,Fiber optic,No,Bank transfer,No,Yes,Yes,65.28,2467.14,No
CUST10004,Male,0,No,No,67,Month-to-month,Fiber optic,Yes,Bank transfer,No,No,Yes,65.37,4212.55,No
CUST10833,Male,0,Yes,Yes,44,Month-to-month,No,Yes,Mailed check,No,No,No,26.67,1181.81,No
CUST10603,Female,0,No,Yes,17,Month-to-month,DSL,Yes,Mailed check,No,No,No,43.82,894.06,Yes
CUST11034,Female,0,Yes,No,42,Month-to-month,DSL,Yes,Bank transfer,No,No,Yes,47.08,1986.83,No
CUST10655,Female,0,No,No,19,Month-to-month,Fiber optic,No,Mailed check,No,No,No,61.11,994.97,No
CUST10844,Male,0,No,No,49,Month-to-month,DSL,Yes,Electronic check,No,Yes,No,50.49,2677.13,No
CUST10784,Female,0,No,Yes,4,Month-to-month,Fiber optic,No,Credit card,No,No,Yes,66.42,204.01,Yes
CUST11074,Male,0,No,No,9,Month-to-month,DSL,Yes,Mailed check,Yes,Yes,Yes,54.55,483.01,No
CUST10443,Male,0,Yes,No,54,Two year,DSL,Yes,Bank transfer,Yes,No,No,43.01,2241.16,No
CUST11178,Female,0,No,No,59,One year,No,No,Credit card,No,No,No,36.39,2280.52,No
CUST10436,Female,0,Yes,No,63,Month-to-month,Fiber optic,Yes,Credit card,Yes,No,No,63.93,3979.57,No
CUST11169,Male,0,No,No,1,Month-to-month,No,No,Credit card,No,No,No,29.3,20.0,Yes
CUST10101,Male,0,Yes,No,49,One year,No,No,Bank transfer,No,No,No,29.21,1303.55,No
CUST10773,Male,1,No,Yes,47,One year,DSL,Yes,Credit card,No,Yes,No,45.32,2075.42,No
CUST10495,Male,0,No,Yes,31,Two year,Fiber optic,Yes,Mailed check,No,No,Yes,63.39,1992.63,No
CUST11028,Male,0,No,No,19,Two year,Fiber optic,No,Mailed check,Yes,No,No,55.2,1094.29,No
CUST10807,Female,1,Yes,No,27,One year,Fiber optic,Yes,Mailed check,Yes,No,No,59.6,1552.82,No
CUST11142,Male,0,No,No,26,One year,Fiber optic,No,Electronic check,Yes,No,Yes,74.22,1838.91,Yes
CUST10846,Male,0,Yes,Yes,58,Month-to-month,DSL,No,Mailed check,Yes,No,No,46.65,2677.83,No
CUST10987,Female,0,Yes,Yes,40,Month-to-month,Fiber optic,Yes,Electronic check,No,No,No,64.58,2713.76,No
CUST10228,Female,0,Yes,No,42,Month-to-month,No,Yes,Mailed check,No,No,No,28.76,1285.49,No
CUST11193,Male,0,No,No,70,Month-to-month,Fiber optic,Yes,Credit card,No,Yes,No,60.98,4159.94,No
CUST10672,Female,1,No,No,9,Month-to-month,DSL,Yes,Electronic check,No,No,No,50.47,628.64,No
CUST10859,Female,0,Yes,No,3,Month-to-month,DSL,Yes,Mailed check,Yes,No,No,47.13,195.72,No
CUST10925,Male,0,No,No,48,Two year,Fiber optic,No,Credit card,No,No,No,61.51,2855.88,No
CUST10067,Female,0,Yes,No,57,Month-to-month,Fiber optic,Yes,Credit card,Yes,No,Yes,73.62,4184.69,No
CUST10068,Male,0,No,Yes,52,Two year,Fiber optic,No,Credit card,No,Yes,No,64.16,3385.24,No
CUST10817,Male,0,Yes,Yes,44,One year,Fiber optic,Yes,Mailed check,No,Yes,No,65.71,2873.96,No
CUST10212,Male,0,Yes,Yes,64,Month-to-month,Fiber optic,Yes,Electronic check,No,No,No,52.24,3237.03,No
CUST10013,Male,0,Yes,No,6,Month-to-month,Fiber optic,Yes,Electronic check,Yes,No,Yes,73.42,322.4,No
CUST10494,Female,0,Yes,No,39,Two year,DSL,Yes,Electronic check,Yes,No,Yes,46.99,1943.68,No
CUST11165,Male,0,Yes,No,35,Month-to-month,Fiber optic,Yes,Bank transfer,Yes,No,Yes,70.47,2250.33,No
CUST10300,Female,0,Yes,No,59,Month-to-month,DSL,Yes,Electronic check,Yes,No,Yes,54.4,3344.03,No
CUST10411,Male,0,No,Yes,28,Two year,No,Yes,Electronic check,No,No,No,28.26,717.1,No
CUST10757,Female,1,No,No,1,Month-to-month,DSL,Yes,Credit card,No,No,No,42.73,49.95,No
CUST11075,Male,0,No,No,11,One year,Fiber optic,No,Credit card,No,No,No,64.77,740.97,No
CUST10696,Female,0,No,No,7,Month-to-month,DSL,No,Bank transfer,No,No,No,30.76,203.71,Yes
CUST11151,Male,0,Yes,No,56,Two year,Fiber optic,No,Credit card,No,Yes,No,66.16,3620.12,No
CUST10724,Male,0,No,No,29,Two year,DSL,Yes,Electronic check,No,Yes,No,44.91,1375.1,No
CUST11016,Female,0,Yes,No,3,Month-to-month,DSL,Yes,Bank transfer,No,No,No,40.69,143.99,No
CUST10528,Female,0,Yes,No,28,Month-to-month,No,Yes,Mailed check,No,No,No,32.3,937.27,No
CUST10600,Female,0,Yes,No,32,Month-to-month,Fiber optic,Yes,Credit card,Yes,No,Yes,66.8,2131.11,Yes
CUST11120,Female,0,No,Yes,16,Month-to-month,DSL,Yes,Mailed check,Yes,Yes,Yes,55.9,885.81,No
CUST10567,Female,0,No,No,10,Month-to-month,DSL,Yes,Credit card,Yes,No,Yes,55.01,513.39,Yes
CUST10731,Male,0,Yes,No,30,One year,DSL,Yes,Credit card,No,Yes,No,48.55,1421.75,No
CUST10274,Female,0,No,Yes,15,One year,DSL,No,Electronic check,Yes,Yes,No,50.06,819.97,No
CUST10967,Male,0,No,No,45,One year,Fiber optic,No,Bank transfer,No,No,Yes,64.16,2889.1,No
CUST10238,Female,0,No,No,17,Month-to-month,Fiber optic,No,Bank transfer,No,Yes,No,63.7,1009.96,No
CUST10406,Female,0,No,No,63,Month-to-month,Fiber optic,No,Credit card,No,No,No,54.93,3357.34,No
CUST10003,Male,0,Yes,No,53,One year,Fiber optic,No,Credit card,No,Yes,No,60.44,3347.75,No
CUST10007,Male,0,No,No,22,Month-to-month,Fiber optic,Yes,Credit card,Yes,No,Yes,68.72,1594.49,No
CUST10312,Male,0,No,No,43,One year,No,Yes,Credit card,No,No,No,34.85,1527.78,No
CUST11091,Female,0,Yes,Yes,29,Month-to-month,DSL,Yes,Electronic check,No,No,Yes,40.03,1069.71,No
CUST10452,Female,0,No,Yes,52,Month-to-month,Fiber optic,Yes,Mailed check,No,Yes,Yes,72.78,3741.16,No
CUST10722,Male,0,Yes,Yes,25,Month-to-month,Fiber optic,Yes,Mailed check,Yes,No,No,69.52,1629.72,No
CUST10216,Male,0,No,Yes,56,Month-to-month,No,Yes,Bank transfer,No,No,No,37.13,1942.55,No
CUST11086,Male,1,Yes,No,60,Month-to-month,DSL,No,Bank transfer,Yes,Yes,Yes,60.41,3661.51,No
CUST10028,Female,0,Yes,No,13,One year,DSL,Yes,Bank transfer,No,Yes,Yes,54.92,733.46,No
CUST11158,Male,0,No,No,9,One year,Fiber optic,Yes,Credit card,Yes,Yes,Yes,75.15,752.23,No
CUST10362,Male,0,No,Yes,69,One year,Fiber optic,No,Bank transfer,No,No,No,55.25,3965.27,No
CUST10823,Female,0,Yes,Yes,38,Month-to-month,Fiber optic,Yes,Credit card,Yes,No,Yes,74.12,2984.12,Yes
CUST10781,Male,0,No,Yes,46,Month-to-month,DSL,Yes,Mailed check,Yes,Yes,No,55.72,2481.32,No
CUST10629,Male,1,No,No,39,Month-to-month,DSL,Yes,Electronic check,No,No,No,38.02,1484.45,No
CUST10454,Female,0,Yes,No,36,Month-to-month,Fiber optic,No,Mailed check,Yes,No,No,59.09,2169.27,No
CUST10739,Male,0,No,No,7,Month-to-month,DSL,Yes,Credit card,No,No,Yes,53.3,307.5,No
CUST10536,Female,0,Yes,Yes,37,One year,No,No,Mailed check,No,No,No,30.4,1171.23,No
CUST11050,Male,0,No,Yes,60,Month-to-month,DSL,No,Bank transfer,Yes,Yes,No,49.25,2894.81,No
CUST10399,Female,1,No,No,63,Month-to-month,Fiber optic,Yes,Electronic check,Yes,Yes,Yes,70.67,4413.36,No
CUST10257,Male,0,No,No,23,One year,Fiber optic,No,Electronic check,No,Yes,No,59.57,1270.82,No
CUST10292,Male,1,Yes,No,36,One year,Fiber optic,No,Electronic check,Yes,No,Yes,65.82,2421.09,No
CUST10026,Female,0,No,No,22,Month-to-month,Fiber optic,Yes,Mailed check,No,No,Yes,71.56,1581.64,No
CUST10337,Male,0,No,No,6,One year,DSL,Yes,Credit card,No,No,No,39.48,216.56,No
CUST10585,Female,0,No,No,38,Month-to-month,Fiber optic,No,Credit card,No,Yes,Yes,72.26,2988.5,No
CUST10048,Male,0,Yes,Yes,39,Month-to-month,No,No,Bank transfer,No,No,No,26.89,1110.37,No
CUST10319,Male,0,No,No,30,Month-to-month,Fiber optic,Yes,Electronic check,No,Yes,Yes,77.08,2267.07,No
CUST10107,Female,0,Yes,No,6,Month-to-month,Fiber optic,Yes,Credit card,No,Yes,No,64.02,280.27,No
CUST10799,Male,0,Yes,Yes,72,Two year,Fiber optic,Yes,Electronic check,No,Yes,No,70.85,5204.5,No
CUST10056,Female,0,No,Yes,13,Month-to-month,DSL,No,Credit card,No,No,Yes,49.83,671.46,Yes
CUST10523,Female,1,No,No,2,Two year,DSL,Yes,Credit card,Yes,No,No,43.9,187.17,No
CUST10214,Male,1,Yes,No,54,Month-to-month,Fiber optic,No,Mailed check,No,No,Yes,66.95,3557.93,No
CUST10121,Female,1,Yes,No,58,Two year,No,Yes,Credit card,No,No,No,30.25,1743.7,No
CUST10918,Female,1,No,Yes,68,One year,Fiber optic,Yes,Credit card,No,No,No,61.73,4202.29,Yes
CUST11068,Male,1,No,No,4,One year,DSL,Yes,Mailed check,No,No,Yes,49.93,271.65,Yes
CUST11118,Male,0,No,No,30,Month-to-month,Fiber optic,Yes,Electronic check,Yes,No,Yes,70.32,2175.83,No
CUST10073,Male,0,Yes,No,9,Two year,DSL,Yes,Mailed check,Yes,No,No,42.88,427.26,No
CUST10948,Female,0,No,Yes,19,Month-to-month,Fiber optic,No,Credit card,No,Yes,Yes,69.89,1209.79,No
CUST10747,Male,0,Yes,No,33,One year,Fiber optic,Yes,Electronic check,Yes,No,Yes,72.34,2519.51,No
CUST10716,Female,0,Yes,No,54,Month-to-month,DSL,Yes,Bank transfer,Yes,Yes,Yes,59.39,3215.59,No
CUST10558,Female,1,No,No,31,Month-to-month,Fiber optic,Yes,Mailed check,No,Yes,Yes,75.18,2222.81,No
CUST11082,Male,1,Yes,No,52,Month-to-month,Fiber optic,Yes,Mailed check,No,No,Yes,65.16,3335.94,No
CUST11046,Male,0,Yes,No,31,Month-to-month,Fiber optic,No,Mailed check,No,Yes,Yes,73.1,2234.93,Yes
CUST10553,Male,0,Yes,No,51,Month-to-month,Fiber optic,No,Credit card,Yes,Yes,Yes,75.75,3677.66,No
CUST10562,Male,0,No,No,15,Two year,DSL,Yes,Electronic check,Yes,No,No,47.77,641.67,No
CUST10425,Female,1,No,No,52,Month-to-month,DSL,Yes,Credit card,Yes,No,No,54.88,2737.49,No
CUST11014,Male,0,Yes,No,66,Month-to-month,No,No,Credit card,No,No,No,24.65,1494.21,No
CUST10326,Female,0,No,No,23,Two year,DSL,No,Mailed check,No,No,Yes,51.43,1157.43,No
CUST10924,Male,0,Yes,No,24,One year,Fiber optic,Yes,Electronic check,No,No,Yes,72.31,1590.44,No
CUST10317,Male,0,No,No,71,Two year,DSL,No,Bank transfer,No,No,Yes,40.09,2823.72,No
CUST10804,Male,0,Yes,No,42,Two year,DSL,No,Electronic check,No,No,Yes,50.94,2154.71,No
CUST11163,Female,0,No,Yes,56,Two year,No,Yes,Bank transfer,No,No,No,30.83,1587.89,No
CUST10529,Female,0,No,No,25,Two year,DSL,Yes,Mailed check,Yes,No,No,50.84,1217.26,No
CUST10837,Male,0,Yes,Yes,57,Month-to-month,DSL,Yes,Mailed check,Yes,No,No,40.69,2323.38,No
CUST10715,Female,0,Yes,Yes,11,Month-to-month,DSL,No,Credit card,No,No,No,42.15,289.88,No
CUST10901,Male,0,Yes,No,43,Two year,Fiber optic,No,Mailed check,No,No,Yes,58.42,2429.56,No
CUST10061,Male,0,No,No,15,Month-to-month,DSL,No,Electronic check,No,No,Yes,54.25,794.47,Yes
CUST10723,Female,1,No,Yes,54,Month-to-month,Fiber optic,Yes,Electronic check,No,No,Yes,58.61,2972.41,Yes
CUST10093,Female,0,Yes,No,6,Month-to-month,DSL,Yes,Mailed check,No,Yes,No,44.73,151.84,No
CUST10858,Male,0,Yes,Yes,29,Month-to-month,No,Yes,Mailed check,No,No,No,27.17,1045.96,No
CUST10619,Male,0,No,Yes,29,One year,DSL,No,Credit card,No,Yes,Yes,51.72,1584.16,No
CUST10352,Male,0,Yes,No,65,One year,DSL,Yes,Mailed check,No,No,No,43.23,2788.9,No
CUST10933,Male,0,No,Yes,47,Month-to-month,Fiber optic,No,Credit card,No,No,No,53.01,2358.53,No
CUST10281,Female,0,No,Yes,35,Month-to-month,DSL,Yes,Mailed check,No,No,No,42.66,1413.42,No
CUST10421,Female,0,No,No,67,One year,Fiber optic,Yes,Mailed check,No,No,Yes,65.41,4358.2,No
CUST11115,Male,0,No,No,14,Month-to-month,Fiber optic,No,Electronic check,No,No,No,55.01,793.67,Yes
CUST10360,Male,0,No,Yes,23,One year,DSL,Yes,Mailed check,No,No,No,35.97,979.37,No
CUST10423,Female,1,No,No,47,Month-to-month,Fiber optic,Yes,Electronic check,No,No,Yes,64.53,3161.6,No
CUST10679,Female,0,Yes,Yes,11,One year,DSL,No,Credit card,No,Yes,No,44.75,545.18,No
CUST10527,Male,0,No,No,38,Two year,Fiber optic,Yes,Bank transfer,Yes,No,Yes,71.57,2660.55,No
CUST10478,Female,0,Yes,Yes,35,Month-to-month,Fiber optic,No,Mailed check,No,No,Yes,60.74,2159.53,No
CUST11095,Female,0,No,No,50,One year,Fiber optic,Yes,Electronic check,No,No,Yes,68.75,3474.24,No
CUST10183,Female,0,No,No,68,Month-to-month,DSL,No,Credit card,No,No,No,45.29,3110.02,No
CUST11092,Male,0,Yes,No,51,One year,Fiber optic,Yes,Electronic check,Yes,No,Yes,73.64,3854.65,No
CUST10433,Male,0,Yes,Yes,20,Month-to-month,DSL,No,Credit card,No,No,Yes,51.38,1029.11,No
CUST10111,Female,0,No,Yes,66,Month-to-month,Fiber optic,Yes,Credit card,Yes,Yes,No,70.6,4725.16,No
CUST10371,Female,0,No,Yes,48,Month-to-month,DSL,Yes,Credit card,Yes,No,Yes,59.75,2837.77,No
CUST10240,Female,0,No,No,45,One year,DSL,Yes,Credit card,No,Yes,Yes,49.47,2089.57,No
CUST10709,Female,0,No,No,13,Month-to-month,Fiber optic,Yes,Credit card,No,No,Yes,67.1,881.8,No
CUST10630,Male,0,No,No,54,One year,Fiber optic,Yes,Electronic check,No,Yes,No,67.61,3614.43,No
CUST10594,Female,0,Yes,No,12,Month-to-month,No,Yes,Electronic check,No,No,No,27.83,330.81,No
CUST10486,Female,0,No,No,10,Month-to-month,DSL,Yes,Bank transfer,No,No,Yes,49.4,336.95,No
CUST10701,Female,0,No,Yes,12,Month-to-month,Fiber optic,No,Electronic check,Yes,No,Yes,69.45,863.38,Yes
CUST10262,Female,0,No,No,20,Month-to-month,No,Yes,Credit card,No,No,No,35.25,591.9,Yes
CUST10480,Female,1,Yes,Yes,61,Month-to-month,Fiber optic,No,Credit card,No,No,Yes,67.99,4186.79,No
CUST10650,Male,0,Yes,Yes,35,Month-to-month,No,Yes,Credit card,No,No,No,30.35,938.99,No
CUST10340,Female,0,Yes,Yes,11,Month-to-month,Fiber optic,No,Electronic check,No,No,Yes,61.67,754.1,No
CUST10669,Male,0,Yes,Yes,23,One year,DSL,Yes,Mailed check,Yes,No,No,42.49,1014.38,No
CUST10552,Female,0,No,No,65,Month-to-month,Fiber optic,No,Mailed check,Yes,Yes,No,60.52,3921.75,No
CUST10459,Male,0,Yes,Yes,20,One year,DSL,Yes,Bank transfer,No,Yes,Yes,55.06,1211.15,No
CUST10184,Male,0,No,No,18,One year,Fiber optic,Yes,Bank transfer,No,Yes,Yes,74.78,1287.12,No
CUST10138,Male,0,Yes,Yes,56,Month-to-month,DSL,No,Mailed check,No,Yes,Yes,53.43,2887.93,No
CUST11161,Female,0,Yes,No,63,Month-to-month,Fiber optic,Yes,Mailed check,Yes,Yes,No,67.78,4399.97,Yes
CUST10707,Female,0,No,No,46,One year,DSL,Yes,Credit card,Yes,No,No,51.04,2287.9,No
CUST10582,Male,0,Yes,Yes,36,Month-to-month,DSL,Yes,Credit card,No,No,No,37.0,1512.69,No
CUST10081,Male,0,Yes,Yes,62,One year,Fiber optic,No,Mailed check,No,No,No,60.75,3696.38,No
CUST10769,Female,0,No,No,18,Month-to-month,DSL,Yes,Bank transfer,Yes,No,Yes,56.49,1105.81,Yes
CUST10870,Female,0,Yes,No,47,Month-to-month,Fiber optic,Yes,Mailed check,Yes,No,Yes,74.0,3562.1,No
CUST10762,Female,0,Yes,Yes,8,Two year,No,Yes,Electronic check,No,No,No,27.31,305.44,No
CUST10030,Female,0,No,No,42,Month-to-month,No,No,Electronic check,No,No,No,24.56,925.71,No
CUST10542,Female,0,No,No,32,Month-to-month,DSL,No,Electronic check,Yes,No,No,49.32,1481.46,No
CUST10166,Male,0,Yes,Yes,55,Month-to-month,Fiber optic,No,Mailed check,No,No,Yes,64.14,3585.45,No
CUST10249,Male,0,Yes,No,13,Month-to-month,DSL,Yes,Credit card,Yes,No,No,49.69,565.6,No
CUST10308,Female,0,Yes,Yes,3,One year,DSL,Yes,Electronic check,No,No,No,46.22,280.9,No
CUST10448,Female,0,No,Yes,13,Two year,DSL,Yes,Bank transfer,No,Yes,Yes,53.91,695.08,Yes
CUST10347,Male,0,Yes,No,5,One year,Fiber optic,No,Mailed check,Yes,Yes,Yes,74.66,289.87,No
CUST10335,Female,0,Yes,No,15,Month-to-month,DSL,Yes,Mailed check,No,No,Yes,52.95,651.28,No
CUST10286,Male,0,No,Yes,61,One year,No,Yes,Bank transfer,No,No,No,28.91,1873.55,No
CUST10950,Male,0,No,Yes,60,One year,DSL,No,Bank transfer,No,Yes,No,45.07,2788.0,No
CUST10098,Female,0,Yes,No,72,Month-to-month,Fiber optic,Yes,Bank transfer,Yes,No,Yes,63.87,4688.47,No
CUST10468,Male,0,Yes,No,58,Month-to-month,Fiber optic,No,Electronic check,No,Yes,Yes,74.66,4483.58,No
CUST11037,Female,0,No,Yes,55,Month-to-month,Fiber optic,Yes,Credit card,Yes,No,Yes,74.46,4014.82,No
CUST10913,Male,1,Yes,No,51,Month-to-month,Fiber optic,Yes,Mailed check,No,No,Yes,69.74,3558.52,No
CUST10756,Female,1,Yes,No,4,Two year,Fiber optic,No,Bank transfer,Yes,No,No,58.26,188.69,No
CUST10945,Male,1,Yes,No,43,Month-to-month,DSL,No,Credit card,No,Yes,Yes,55.22,2333.84,No
CUST10614,Female,0,Yes,No,32,Month-to-month,DSL,No,Credit card,No,No,Yes,46.04,1414.16,No
CUST10802,Female,0,Yes,No,18,One year,DSL,No,Mailed check,No,No,Yes,43.89,768.68,No
CUST10758,Male,0,No,Yes,71,Two year,Fiber optic,No,Credit card,Yes,No,Yes,63.59,4458.67,No
CUST10689,Male,0,Yes,No,46,Month-to-month,Fiber optic,Yes,Electronic check,Yes,No,Yes,75.39,3433.94,Yes
CUST10066,Female,0,No,Yes,33,Month-to-month,DSL,Yes,Mailed check,No,No,Yes,53.18,1716.66,No
CUST10794,Female,0,No,No,1,Month-to-month,No,Yes,Credit card,No,No,No,27.6,20.0,No
CUST10744,Male,0,Yes,No,7,One year,DSL,No,Bank transfer,Yes,No,Yes,53.52,525.16,No
CUST10568,Female,0,No,No,18,Month-to-month,Fiber optic,Yes,Electronic check,Yes,No,No,62.22,1123.12,No
CUST11084,Female,0,No,No,2,One year,DSL,Yes,Credit card,No,No,Yes,57.4,146.12,No
CUST11099,Female,1,No,Yes,25,One year,DSL,Yes,Mailed check,Yes,No,Yes,52.42,1417.83,No
CUST10303,Male,0,No,Yes,4,One year,DSL,No,Mailed check,No,No,No,42.14,34.43,No
CUST10255,Male,0,No,No,58,Two year,Fiber optic,Yes,Bank transfer,No,Yes,No,54.59,3093.94,No
CUST10959,Female,0,No,No,40,One year,No,No,Electronic check,No,No,No,27.7,1169.04,No
CUST11024,Female,1,Yes,Yes,25,Month-to-month,DSL,No,Mailed check,Yes,Yes,Yes,61.13,1609.2,No
CUST10313,Female,0,Yes,No,31,Month-to-month,Fiber optic,Yes,Credit card,No,Yes,No,57.03,1900.88,No
CUST10530,Female,0,Yes,No,10,Month-to-month,DSL,Yes,Credit card,No,No,No,45.17,498.55,Yes
CUST10222,Male,0,No,No,22,Month-to-month,No,No,Credit card,No,No,No,28.59,752.63,Yes
CUST10389,Male,0,Yes,No,48,One year,DSL,No,Bank transfer,Yes,No,Yes,59.65,2844.48,No
CUST10236,Female,0,No,No,17,Month-to-month,No,No,Electronic check,No,No,No,36.27,581.92,Yes
CUST10810,Male,1,No,No,21,One year,DSL,Yes,Bank transfer,No,Yes,Yes,51.45,1183.25,No
CUST10483,Male,0,Yes,Yes,32,Month-to-month,Fiber optic,Yes,Bank transfer,Yes,Yes,Yes,72.9,2210.98,No
CUST10713,Male,0,No,No,49,One year,Fiber optic,No,Credit card,Yes,Yes,No,66.25,3253.07,No
CUST10306,Male,1,No,No,66,One year,DSL,No,Mailed check,Yes,No,Yes,49.37,3395.4,No
CUST11111,Male,0,Yes,No,15,Two year,DSL,Yes,Electronic check,No,Yes,No,48.4,660.05,No
CUST11090,Female,0,No,No,23,One year,Fiber optic,No,Mailed check,No,No,Yes,64.41,1488.86,No
CUST10772,Male,0,No,Yes,16,Month-to-month,DSL,Yes,Credit card,Yes,No,No,39.44,697.27,No
CUST10917,Female,0,No,No,9,One year,DSL,No,Mailed check,Yes,Yes,Yes,66.23,513.56,No
CUST11139,Female,0,Yes,No,55,Two year,Fiber optic,No,Bank transfer,Yes,Yes,No,74.66,4147.22,No
CUST10250,Male,0,Yes,No,31,Month-to-month,Fiber optic,No,Electronic check,No,No,Yes,67.22,2036.85,No
CUST10760,Male,0,Yes,Yes,61,Month-to-month,Fiber optic,Yes,Credit card,No,No,Yes,65.56,4020.66,No
CUST10595,Female,0,Yes,Yes,16,Month-to-month,Fiber optic,No,Mailed check,No,No,No,57.65,1073.35,No
CUST10072,Female,1,No,No,44,Month-to-month,Fiber optic,No,Bank transfer,No,Yes,No,63.38,2885.77,No
CUST10095,Female,0,No,No,37,Month-to-month,DSL,No,Credit card,Yes,No,No,55.09,1905.8,No
CUST10546,Female,1,No,Yes,10,Two year,Fiber optic,Yes,Bank transfer,No,No,No,56.56,695.19,No
CUST10034,Female,0,No,Yes,36,Month-to-month,DSL,No,Bank transfer,No,Yes,No,46.03,1830.13,No
CUST10862,Male,0,Yes,No,35,Two year,No,Yes,Mailed check,No,No,No,27.78,966.98,No
CUST10579,Female,0,No,No,56,Month-to-month,DSL,Yes,Bank transfer,No,No,No,41.84,2269.17,No
CUST10449,Male,1,No,No,43,One year,DSL,Yes,Electronic check,No,No,No,32.58,1353.39,No
CUST10446,Male,0,Yes,No,19,Month-to-month,Fiber optic,Yes,Credit card,Yes,Yes,No,67.3,1408.49,No
CUST10260,Male,0,Yes,No,47,Month-to-month,DSL,Yes,Mailed check,Yes,No,Yes,54.57,2451.82,No
CUST10205,Female,0,No,Yes,60,Month-to-month,Fiber optic,Yes,Bank transfer,Yes,No,Yes,68.32,4013.25,No
CUST10573,Male,0,No,No,70,Two year,No,No,Credit card,No,No,No,34.23,2364.66,No
CUST10824,Male,0,No,Yes,37,Month-to-month,Fiber optic,No,Mailed check,Yes,No,No,62.76,2302.72,No
CUST10586,Male,1,No,No,67,Month-to-month,DSL,No,Bank transfer,No,Yes,Yes,54.81,3709.11,No
CUST10366,Male,0,No,No,28,Month-to-month,Fiber optic,Yes,Electronic check,No,No,Yes,65.55,1860.25,Yes
CUST10812,Male,0,No,No,33,Month-to-month,Fiber optic,Yes,Credit card,No,Yes,No,58.29,1926.4,No
CUST10078,Female,0,No,No,8,Two year,Fiber optic,Yes,Electronic check,No,No,No,55.92,537.32,No
CUST10085,Male,1,No,No,62,Two year,No,No,Bank transfer,No,No,No,32.63,2059.31,No
CUST10539,Male,0,Yes,No,27,Month-to-month,No,No,Electronic check,No,No,No,25.08,616.56,Yes
CUST10083,Male,0,Yes,No,65,Month-to-month,Fiber optic,No,Bank transfer,No,No,Yes,63.18,3949.07,No
CUST10458,Female,0,Yes,Yes,57,Two year,DSL,Yes,Credit card,No,No,Yes,44.9,2571.77,No
CUST11138,Female,0,Yes,No,25,Month-to-month,Fiber optic,No,Electronic check,Yes,No,Yes,71.78,1986.72,Yes
CUST10615,Female,0,Yes,No,40,Month-to-month,DSL,Yes,Credit card,No,No,Yes,47.25,2044.8,Yes
CUST11186,Female,1,Yes,No,63,Month-to-month,Fiber optic,Yes,Bank transfer,No,Yes,Yes,74.96,4715.23,No
CUST11076,Male,0,Yes,No,42,Month-to-month,Fiber optic,Yes,Credit card,No,Yes,No,61.96,2571.68,No
CUST10737,Female,0,No,No,38,Month-to-month,Fiber optic,No,Credit card,No,Yes,Yes,67.63,2456.3,Yes
CUST10437,Female,0,No,No,36,One year,Fiber optic,No,Mailed check,No,No,Yes,66.49,2334.36,No
CUST10555,Male,0,Yes,No,24,One year,Fiber optic,Yes,Electronic check,No,No,No,62.79,1396.33,No
CUST11080,Male,0,No,No,12,Two year,Fiber optic,Yes,Bank transfer,No,Yes,Yes,68.99,906.48,No
CUST11062,Male,0,Yes,Yes,69,Two year,DSL,Yes,Bank transfer,No,No,No,39.21,2672.76,No
CUST10351,Female,0,Yes,No,22,One year,Fiber optic,Yes,Credit card,No,No,No,63.17,1385.93,No
CUST10197,Female,1,Yes,Yes,55,Month-to-month,Fiber optic,No,Bank transfer,No,Yes,Yes,67.69,3852.68,No
CUST10465,Female,0,Yes,No,20,One year,DSL,No,Electronic check,No,No,Yes,47.73,887.76,No
CUST10589,Female,0,No,No,59,Month-to-month,Fiber optic,No,Credit card,No,No,No,51.93,3058.92,No
CUST10006,Female,0,Yes,No,3,Month-to-month,No,No,Credit card,No,No,No,27.43,82.35,Yes
CUST10311,Female,0,No,No,15,Month-to-month,Fiber optic,No,Mailed check,No,No,Yes,68.01,952.07,Yes
CUST10662,Male,0,No,Yes,52,Month-to-month,DSL,Yes,Bank transfer,No,No,No,37.48,1939.1,No
CUST10405,Female,0,No,No,17,One year,No,Yes,Electronic check,No,No,No,32.11,364.6,No
CUST11196,Male,0,No,No,50,One year,Fiber optic,Yes,Bank transfer,No,No,Yes,70.3,3607.05,No
CUST11044,Male,0,Yes,No,48,One year,DSL,Yes,Bank transfer,Yes,No,No,48.89,2215.66,No
CUST11058,Male,0,No,No,4,Month-to-month,DSL,Yes,Credit card,No,No,Yes,43.18,55.97,No
CUST10105,Female,0,Yes,Yes,28,Two year,Fiber optic,Yes,Bank transfer,Yes,No,Yes,67.44,1765.95,No
CUST10537,Female,1,No,No,22,Month-to-month,Fiber optic,No,Credit card,No,Yes,No,61.66,1412.06,No
CUST10606,Male,0,No,No,44,Month-to-month,Fiber optic,Yes,Electronic check,Yes,Yes,Yes,80.75,3720.86,No
CUST10063,Male,0,No,No,53,Month-to-month,No,No,Bank transfer,No,No,No,30.87,1550.95,No
CUST10282,Female,0,No,No,32,One year,DSL,No,Bank transfer,Yes,No,Yes,50.4,1566.96,No
CUST11056,Male,1,Yes,Yes,9,Month-to-month,Fiber optic,No,Mailed check,No,No,Yes,68.19,724.94,Yes
CUST10239,Male,0,Yes,No,38,Two year,DSL,Yes,Bank transfer,No,No,No,38.13,1396.57,No
CUST10224,Female,0,Yes,No,1,Month-to-month,DSL,No,Credit card,Yes,No,No,42.53,20.0,No
CUST10146,Male,1,Yes,No,20,Month-to-month,DSL,Yes,Mailed check,Yes,No,No,41.01,758.6,No
CUST11119,Male,1,No,Yes,49,Month-to-month,DSL,Yes,Bank transfer,Yes,Yes,No,54.54,2603.42,No
CUST10374,Female,0,Yes,No,21,One year,Fiber optic,No,Credit card,Yes,No,No,62.21,1367.41,No
CUST10119,Female,0,No,No,13,Month-to-month,Fiber optic,Yes,Mailed check,No,No,Yes,64.05,705.6,No
CUST10803,Male,0,No,Yes,30,One year,Fiber optic,Yes,Credit card,No,No,Yes,65.12,2000.45,No
CUST10251,Female,0,No,Yes,35,Two year,Fiber optic,No,Electronic check,No,Yes,No,61.4,2118.94,No
CUST11157,Female,1,No,Yes,71,One year,Fiber optic,No,Credit card,No,No,Yes,70.34,5142.26,No
CUST10010,Female,0,No,No,72,Month-to-month,Fiber optic,No,Electronic check,No,Yes,Yes,69.46,4933.51,Yes
CUST10450,Female,0,No,No,62,Month-to-month,Fiber optic,Yes,Electronic check,No,No,Yes,72.3,4416.22,Yes
CUST10874,Male,0,No,No,45,One year,Fiber optic,Yes,Mailed check,Yes,No,Yes,63.09,2869.96,No
CUST10390,Male,0,No,No,42,One year,No,Yes,Bank transfer,No,No,No,29.26,1356.55,Yes
CUST10966,Male,0,No,No,60,One year,Fiber optic,Yes,Credit card,Yes,Yes,Yes,76.86,4696.28,No
CUST10461,Female,1,No,No,32,One year,Fiber optic,Yes,Mailed check,No,No,Yes,65.38,2210.66,No
CUST11147,Male,0,No,Yes,51,Month-to-month,Fiber optic,Yes,Bank transfer,No,Yes,Yes,65.75,3424.02,No
CUST10145,Female,0,Yes,Yes,26,One year,No,No,Mailed check,No,No,No,32.65,820.84,Yes
CUST10502,Male,1,No,No,12,Two year,DSL,Yes,Credit card,Yes,No,No,46.14,458.93,No
CUST11108,Female,0,Yes,No,62,Month-to-month,DSL,Yes,Mailed check,No,No,Yes,49.39,2967.16,No
CUST10540,Female,0,No,Yes,41,Month-to-month,Fiber optic,Yes,Credit card,No,Yes,No,61.35,2421.07,No
CUST10178,Male,0,Yes,No,25,Two year,Fiber optic,Yes,Electronic check,Yes,Yes,No,73.91,1571.02,No
CUST11159,Female,0,No,Yes,1,Month-to-month,Fiber optic,No,Bank transfer,No,Yes,No,61.13,144.42,No
CUST11051,Female,0,Yes,No,15,One year,Fiber optic,No,Electronic check,Yes,Yes,No,65.29,1050.26,No
CUST10584,Female,1,Yes,No,18,Month-to-month,DSL,Yes,Bank transfer,No,Yes,Yes,59.11,1030.91,No
CUST11195,Female,0,Yes,No,15,Two year,Fiber optic,Yes,Electronic check,Yes,Yes,Yes,75.1,1191.41,No
CUST10008,Male,0,No,Yes,38,Two year,Fiber optic,Yes,Electronic check,Yes,Yes,No,70.37,2599.56,No
CUST10574,Female,0,Yes,No,36,Month-to-month,DSL,No,Credit card,Yes,No,Yes,56.59,2169.79,No
CUST10843,Male,0,Yes,No,51,Month-to-month,Fiber optic,No,Electronic check,Yes,No,Yes,68.96,3480.97,No
CUST10358,Female,0,Yes,No,14,Two year,No,Yes,Electronic check,No,No,No,34.79,544.17,No
CUST10330,Female,0,No,No,4,One year,DSL,Yes,Bank transfer,No,No,Yes,52.2,306.38,No
CUST10705,Male,0,Yes,Yes,51,Month-to-month,Fiber optic,Yes,Bank transfer,Yes,Yes,Yes,70.81,3518.69,No
CUST10830,Female,1,Yes,Yes,68,Two year,DSL,Yes,Credit card,No,No,No,42.71,2873.75,No
CUST10259,Female,0,No,Yes,26,Month-to-month,Fiber optic,No,Credit card,Yes,Yes,No,70.25,1801.79,Yes
CUST10891,Male,0,Yes,Yes,50,Two year,Fiber optic,Yes,Mailed check,Yes,Yes,Yes,74.35,3653.39,No
CUST10834,Female,0,Yes,Yes,6,One year,Fiber optic,Yes,Mailed check,No,Yes,Yes,71.38,394.94,No
CUST11188,Male,0,Yes,No,31,One year,DSL,No,Credit card,No,Yes,No,43.06,1279.69,No
CUST10905,Male,0,No,Yes,13,Month-to-month,No,No,Mailed check,No,No,No,21.01,232.9,No
CUST10526,Male,0,Yes,No,30,Month-to-month,DSL,No,Mailed check,No,No,Yes,47.74,1434.37,No
CUST10814,Female,0,No,No,15,Month-to-month,Fiber optic,No,Credit card,No,Yes,Yes,71.98,978.17,No
CUST10732,Male,0,Yes,No,45,Month-to-month,DSL,Yes,Electronic check,Yes,No,No,45.93,1982.62,No
CUST11032,Female,0,Yes,No,54,Two year,DSL,No,Bank transfer,No,No,Yes,46.46,2581.44,No
CUST11141,Female,0,Yes,Yes,24,One year,No,Yes,Credit card,No,No,No,32.5,637.19,No
CUST10441,Male,0,No,No,18,Month-to-month,Fiber optic,Yes,Bank transfer,No,No,Yes,63.65,1082.99,No
CUST10532,Female,0,Yes,No,42,One year,Fiber optic,Yes,Credit card,Yes,Yes,Yes,75.41,3095.29,No
CUST10960,Male,1,No,No,38,Two year,DSL,Yes,Bank transfer,No,No,Yes,49.95,1894.56,No
CUST10229,Male,0,Yes,No,21,Two year,No,No,Bank transfer,No,No,No,27.37,763.7,No
CUST11041,Male,0,No,No,6,One year,DSL,Yes,Mailed check,No,Yes,Yes,60.26,485.15,No
CUST10213,Male,0,No,Yes,61,Month-to-month,DSL,Yes,Electronic check,No,No,Yes,50.56,3028.84,Yes
CUST10080,Female,1,Yes,No,27,Two year,No,Yes,Mailed check,No,No,No,29.06,676.02,No
CUST10149,Male,1,Yes,No,67,One year,Fiber optic,Yes,Credit card,Yes,No,Yes,63.01,4030.38,No
CUST10592,Female,0,Yes,No,21,One year,No,Yes,Mailed check,No,No,No,27.36,635.41,No
CUST10708,Female,0,No,Yes,53,Two year,Fiber optic,Yes,Mailed check,No,Yes,No,56.94,3141.36,No
CUST10590,Male,0,No,No,69,Month-to-month,Fiber optic,Yes,Electronic check,No,Yes,Yes,69.6,4777.22,No
CUST10134,Male,0,Yes,Yes,38,Two year,Fiber optic,No,Bank transfer,Yes,No,Yes,68.99,2576.65,No
CUST10782,Male,0,Yes,Yes,48,Month-to-month,Fiber optic,No,Credit card,Yes,No,No,70.24,3383.82,No
CUST10409,Female,0,No,No,69,Month-to-month,DSL,Yes,Credit card,No,Yes,Yes,57.74,4175.79,No
CUST10970,Male,0,Yes,No,55,One year,No,Yes,Electronic check,No,No,No,30.81,1621.8,No
CUST10508,Male,0,No,Yes,24,Month-to-month,Fiber optic,Yes,Mailed check,No,Yes,No,73.29,1809.81,Yes
CUST10877,Female,0,Yes,No,67,Month-to-month,No,Yes,Electronic check,No,No,No,32.56,2131.83,No
CUST10505,Male,1,Yes,No,53,One year,Fiber optic,Yes,Electronic check,No,Yes,No,62.46,3427.98,No
CUST10719,Female,0,No,Yes,28,Month-to-month,Fiber optic,Yes,Electronic check,Yes,Yes,No,73.16,2029.71,No
CUST10348,Female,1,Yes,Yes,32,Month-to-month,Fiber optic,No,Credit card,No,No,Yes,68.26,2115.21,No
CUST10387,Male,0,No,No,57,Two year,DSL,No,Electronic check,Yes,No,No,41.04,2171.33,No
CUST10001,Male,0,Yes,No,63,Two year,DSL,Yes,Mailed check,Yes,No,No,43.69,2733.81,No
CUST10361,Female,0,Yes,Yes,47,Month-to-month,Fiber optic,Yes,Electronic check,No,No,Yes,66.04,3072.42,No
CUST11134,Male,0,No,Yes,24,Month-to-month,No,Yes,Mailed check,No,No,No,31.2,779.1,No
CUST10476,Female,0,Yes,No,19,One year,Fiber optic,Yes,Electronic check,Yes,No,No,61.9,1084.54,No
CUST10778,Female,0,No,No,17,Two year,DSL,Yes,Bank transfer,No,No,No,40.86,776.81,No
CUST10754,Female,0,No,No,4,One year,DSL,Yes,Bank transfer,Yes,No,Yes,52.34,212.77,No
CUST10173,Male,0,No,No,62,One year,Fiber optic,Yes,Bank transfer,No,No,No,64.18,3886.85,No
CUST10451,Female,1,No,No,22,Month-to-month,Fiber optic,Yes,Electronic check,No,No,Yes,70.35,1523.59,Yes
CUST10126,Female,1,No,Yes,28,Two year,DSL,Yes,Electronic check,No,Yes,No,49.42,1351.29,No
CUST10931,Male,0,Yes,No,66,Two year,DSL,No,Credit card,Yes,No,No,48.56,3240.63,No
CUST10531,Male,0,Yes,No,60,Month-to-month,No,No,Bank transfer,No,No,No,29.31,1880.2,No
CUST10091,Female,0,No,Yes,23,Month-to-month,Fiber optic,Yes,Mailed check,Yes,No,No,57.95,1279.06,No
CUST11162,Male,1,Yes,No,72,Month-to-month,DSL,Yes,Bank transfer,No,No,Yes,49.69,3468.93,No
CUST10182,Male,0,Yes,No,47,Month-to-month,Fiber optic,Yes,Electronic check,Yes,No,Yes,70.67,3322.43,No
CUST11027,Female,0,Yes,No,16,One year,No,No,Mailed check,No,No,No,35.68,466.41,No
CUST11000,Male,1,Yes,No,49,Month-to-month,DSL,Yes,Mailed check,No,Yes,No,52.18,2589.71,Yes
CUST10252,Male,0,Yes,No,60,Month-to-month,DSL,Yes,Bank transfer,Yes,No,Yes,52.67,3115.5,No
CUST10070,Female,0,No,No,54,Month-to-month,DSL,Yes,Electronic check,No,Yes,Yes,52.84,2845.86,No
CUST10132,Male,0,No,No,72,Month-to-month,Fiber optic,Yes,Mailed check,Yes,No,Yes,63.96,4622.99,No
CUST10301,Male,0,No,No,16,One year,DSL,No,Mailed check,Yes,Yes,No,45.07,859.57,No
CUST11133,Female,0,Yes,No,6,Month-to-month,Fiber optic,Yes,Electronic check,No,No,Yes,56.63,339.83,Yes
CUST10327,Male,0,Yes,Yes,69,Month-to-month,Fiber optic,Yes,Bank transfer,No,No,Yes,63.36,4260.88,No
CUST11020,Male,0,Yes,Yes,64,Month-to-month,DSL,No,Mailed check,Yes,No,No,43.82,2770.78,No
CUST10500,Female,0,No,Yes,26,Two year,Fiber optic,Yes,Credit card,Yes,No,No,68.59,1634.94,No
CUST10666,Male,0,Yes,Yes,72,Month-to-month,Fiber optic,No,Bank transfer,Yes,No,Yes,65.35,4734.5,No
CUST10919,Female,0,No,No,46,Month-to-month,DSL,No,Credit card,No,No,Yes,37.93,1752.57,No
CUST10496,Male,0,Yes,No,1,Month-to-month,Fiber optic,No,Electronic check,Yes,No,Yes,67.13,158.5,Yes
CUST10339,Female,0,Yes,No,67,One year,Fiber optic,Yes,Mailed check,Yes,Yes,No,62.89,4298.73,No
CUST10964,Male,0,Yes,Yes,28,Month-to-month,DSL,Yes,Mailed check,Yes,No,Yes,55.91,1644.23,No
CUST10165,Female,0,Yes,No,48,Two year,DSL,No,Electronic check,Yes,Yes,No,46.74,2311.07,No
CUST10029,Female,0,No,No,45,Month-to-month,Fiber optic,No,Credit card,No,Yes,Yes,78.58,3480.81,No
CUST10517,Female,0,Yes,No,67,Month-to-month,Fiber optic,No,Mailed check,No,Yes,Yes,67.22,4610.68,No
CUST10194,Male,0,Yes,No,64,One year,DSL,No,Credit card,No,No,Yes,49.13,3258.11,No
CUST11104,Male,0,Yes,Yes,64,Two year,DSL,Yes,Bank transfer,No,No,Yes,54.1,3436.12,No
CUST10170,Female,0,No,No,3,Month-to-month,No,No,Electronic check,No,No,No,31.83,82.77,Yes
CUST11059,Female,0,Yes,No,16,Two year,Fiber optic,Yes,Mailed check,No,No,No,54.66,860.53,No
CUST10174,Female,0,No,No,38,Month-to-month,Fiber optic,Yes,Credit card,No,Yes,Yes,73.42,2763.01,No
CUST10519,Female,0,No,No,54,Month-to-month,Fiber optic,No,Electronic check,No,Yes,Yes,66.94,3633.24,No
CUST10969,Female,0,No,Yes,72,One year,DSL,Yes,Electronic check,No,Yes,No,47.38,3473.2,No
CUST10702,Female,1,No,No,26,Month-to-month,DSL,Yes,Bank transfer,Yes,No,Yes,57.85,1338.54,Yes
CUST10492,Male,0,Yes,No,16,Month-to-month,No,No,Electronic check,No,No,No,25.49,544.83,No
CUST10074,Female,0,No,No,32,Two year,Fiber optic,No,Credit card,Yes,No,Yes,71.91,2306.58,No
CUST10981,Female,0,Yes,No,21,Two year,No,No,Bank transfer,No,No,No,27.79,443.23,No
CUST10588,Male,0,No,No,16,Month-to-month,Fiber optic,Yes,Bank transfer,Yes,Yes,No,68.72,1117.49,No
CUST10235,Female,0,Yes,No,17,Month-to-month,Fiber optic,Yes,Credit card,No,No,Yes,67.09,1109.71,Yes
CUST10215,Male,1,Yes,No,58,Month-to-month,DSL,Yes,Credit card,Yes,No,Yes,58.54,3390.52,No
CUST10947,Male,0,No,Yes,56,Month-to-month,Fiber optic,Yes,Bank transfer,No,No,No,61.41,3484.09,No
CUST10133,Male,0,Yes,Yes,4,One year,Fiber optic,Yes,Credit card,Yes,No,Yes,69.22,20.0,No
CUST11156,Male,0,No,No,59,Month-to-month,Fiber optic,No,Bank transfer,Yes,No,Yes,74.02,4415.33,No
CUST10733,Male,0,Yes,No,51,Month-to-month,DSL,Yes,Mailed check,No,No,Yes,45.65,2320.17,No
CUST10941,Female,0,No,No,45,Two year,No,No,Bank transfer,No,No,No,23.03,1290.96,No
CUST10186,Male,1,No,No,23,Month-to-month,DSL,Yes,Bank transfer,No,Yes,No,44.83,1016.69,Yes
CUST10042,Male,0,Yes,No,46,Month-to-month,Fiber optic,No,Bank transfer,No,No,Yes,61.52,2990.39,No
CUST10109,Female,0,Yes,No,56,Month-to-month,DSL,Yes,Mailed check,Yes,No,Yes,56.57,3127.64,No
CUST10849,Male,1,No,No,32,Month-to-month,Fiber optic,No,Credit card,Yes,No,No,68.51,2159.2,No
CUST10569,Male,0,Yes,No,14,Month-to-month,Fiber optic,Yes,Bank transfer,No,No,Yes,71.09,960.32,No
CUST10651,Male,0,Yes,Yes,69,Month-to-month,No,Yes,Electronic check,No,No,No,34.99,2457.19,No
CUST11001,Female,0,Yes,Yes,20,Two year,DSL,Yes,Bank transfer,Yes,Yes,Yes,58.87,1279.15,No
CUST11166,Female,0,Yes,No,3,One year,DSL,Yes,Credit card,Yes,Yes,No,48.89,269.73,No
CUST10484,Female,1,Yes,Yes,66,Two year,Fiber optic,No,Credit card,No,No,No,55.87,3727.05,No
CUST10469,Male,0,No,Yes,68,Month-to-month,DSL,No,Electronic check,Yes,No,Yes,59.89,4041.54,No
CUST10025,Female,0,No,Yes,31,One year,Fiber optic,Yes,Electronic check,No,Yes,No,61.72,1801.81,No
CUST10661,Female,0,Yes,Yes,57,Month-to-month,No,No,Electronic check,No,No,No,31.97,1934.93,No
CUST10680,Female,0,Yes,No,26,Month-to-month,DSL,Yes,Mailed check,Yes,No,No,43.21,1259.07,No
CUST10753,Female,0,Yes,No,17,One year,Fiber optic,Yes,Mailed check,Yes,No,No,67.76,1151.87,No
CUST10994,Female,0,No,No,9,Month-to-month,Fiber optic,Yes,Bank transfer,Yes,No,Yes,66.5,588.36,No
CUST10367,Female,0,Yes,No,25,Month-to-month,Fiber optic,No,Bank transfer,Yes,No,Yes,63.35,1587.19,No
CUST10840,Male,0,No,No,14,One year,DSL,No,Bank transfer,No,No,Yes,48.96,650.45,No
CUST11053,Male,0,No,No,63,One year,No,No,Mailed check,No,No,No,26.29,1492.74,No
CUST10384,Male,0,No,No,59,Month-to-month,Fiber optic,Yes,Mailed check,Yes,Yes,Yes,71.21,4236.16,Yes
CUST10455,Male,1,No,Yes,19,One year,DSL,No,Electronic check,No,Yes,No,54.55,1095.63,No
CUST10265,Male,0,No,No,59,One year,Fiber optic,Yes,Mailed check,Yes,No,Yes,68.31,3945.4,Yes
CUST10761,Female,1,No,No,35,Month-to-month,Fiber optic,Yes,Credit card,Yes,No,No,67.54,2471.24,No
CUST10980,Female,0,No,No,18,Month-to-month,No,Yes,Credit card,No,No,No,31.12,805.02,No
CUST10445,Female,1,Yes,No,45,Month-to-month,No,Yes,Electronic check,No,No,No,26.48,1214.25,No
CUST10396,Female,0,No,No,27,Month-to-month,DSL,Yes,Electronic check,No,Yes,No,49.06,1367.36,No
CUST10742,Female,0,No,No,10,Month-to-month,Fiber optic,No,Mailed check,No,Yes,No,61.52,683.14,Yes
CUST10177,Male,0,Yes,No,46,Two year,Fiber optic,No,Electronic check,Yes,No,No,66.06,3124.79,Yes
CUST10019,Female,0,Yes,Yes,59,Month-to-month,Fiber optic,Yes,Bank transfer,Yes,No,Yes,72.29,4235.32,No
CUST10949,Female,0,No,No,55,One year,No,Yes,Mailed check,No,No,No,22.38,1223.62,Yes
CUST10815,Female,0,No,Yes,2,One year,Fiber optic,No,Bank transfer,Yes,Yes,Yes,79.8,221.92,No
CUST10596,Female,1,No,No,14,Month-to-month,DSL,No,Mailed check,No,No,Yes,47.67,370.7,No
CUST10062,Male,1,No,No,52,Two year,No,Yes,Bank transfer,No,No,No,35.66,1720.37,No
CUST10273,Female,0,Yes,No,44,Month-to-month,DSL,Yes,Mailed check,Yes,No,No,57.01,2546.49,No
CUST11126,Female,0,Yes,Yes,45,Two year,DSL,Yes,Mailed check,No,Yes,Yes,56.97,2509.37,No
CUST10279,Male,0,No,Yes,19,Month-to-month,DSL,No,Bank transfer,No,No,Yes,51.89,999.27,No
CUST10842,Female,0,Yes,No,28,Month-to-month,Fiber optic,Yes,Bank transfer,No,Yes,No,60.98,1635.97,No
CUST10369,Male,0,No,No,41,Month-to-month,Fiber optic,Yes,Credit card,Yes,No,Yes,74.59,3054.73,Yes
CUST10887,Male,0,No,No,1,Two year,No,Yes,Mailed check,No,No,No,26.06,20.0,No
CUST11015,Male,0,Yes,No,40,Month-to-month,Fiber optic,Yes,Mailed check,No,No,Yes,65.95,2577.6,No
CUST10860,Male,0,No,No,10,One year,DSL,No,Bank transfer,Yes,No,No,43.42,253.44,Yes
CUST10721,Female,0,Yes,Yes,26,Two year,DSL,No,Electronic check,Yes,Yes,Yes,58.08,1510.82,No
CUST10826,Female,1,Yes,No,33,Month-to-month,Fiber optic,No,Bank transfer,No,No,Yes,62.32,1970.43,No
CUST10548,Female,0,Yes,No,20,One year,Fiber optic,No,Mailed check,No,No,Yes,62.56,1337.94,No
CUST10880,Male,0,No,No,71,Two year,DSL,Yes,Bank transfer,Yes,No,No,41.09,2947.51,No
CUST10900,Male,1,Yes,No,69,Month-to-month,Fiber optic,Yes,Bank transfer,Yes,No,No,59.23,3941.78,No
CUST10457,Female,0,No,Yes,70,One year,Fiber optic,Yes,Electronic check,Yes,No,No,63.95,4662.79,No
CUST10394,Female,0,Yes,Yes,59,Month-to-month,Fiber optic,Yes,Credit card,Yes,No,Yes,68.42,3965.42,No
CUST10676,Male,0,Yes,No,51,Two year,DSL,No,Electronic check,No,No,No,41.75,1999.2,No
CUST10912,Male,0,No,No,57,Two year,DSL,Yes,Credit card,Yes,No,No,43.39,2579.83,No
CUST10965,Male,0,No,No,35,Month-to-month,Fiber optic,No,Bank transfer,No,Yes,Yes,70.6,2406.35,No
CUST10376,Female,0,Yes,No,7,Month-to-month,Fiber optic,Yes,Credit card,Yes,Yes,No,69.72,453.84,No
CUST10413,Female,1,No,No,30,Month-to-month,No,No,Bank transfer,No,No,No,30.16,963.64,No
CUST10075,Male,0,Yes,No,15,Month-to-month,DSL,Yes,Credit card,No,Yes,Yes,48.12,787.53,No
CUST11122,Male,0,Yes,No,72,Two year,Fiber optic,Yes,Electronic check,No,No,Yes,67.9,4896.83,No
CUST10863,Female,0,No,No,6,One year,Fiber optic,Yes,Electronic check,Yes,Yes,Yes,80.7,509.57,No
CUST10501,Male,0,No,Yes,50,Month-to-month,DSL,Yes,Electronic check,No,No,No,45.12,2401.19,No
CUST10942,Male,0,No,No,44,One year,No,Yes,Electronic check,No,No,No,28.18,1411.15,No
CUST10617,Male,0,No,No,35,Month-to-month,DSL,Yes,Credit card,No,No,No,40.93,1442.69,No
CUST10115,Male,0,Yes,No,49,Month-to-month,Fiber optic,Yes,Electronic check,Yes,No,No,65.75,3027.49,No
CUST10418,Female,0,Yes,Yes,52,Month-to-month,DSL,No,Electronic check,Yes,Yes,Yes,61.6,3189.09,No
CUST10602,Female,0,No,No,44,Two year,DSL,Yes,Mailed check,No,No,Yes,49.1,2258.99,No
CUST10605,Male,0,No,No,54,Two year,No,No,Electronic check,No,No,No,33.66,1844.34,No
CUST10090,Female,0,No,No,40,Month-to-month,DSL,No,Mailed check,No,Yes,Yes,58.43,2219.0,No
CUST11149,Male,0,Yes,No,21,Two year,Fiber optic,Yes,Credit card,Yes,No,No,64.3,1284.45,No
CUST10499,Male,0,No,No,71,Month-to-month,Fiber optic,No,Electronic check,Yes,No,Yes,74.55,5315.4,No
CUST10876,Male,0,Yes,No,16,One year,Fiber optic,No,Mailed check,No,No,Yes,66.29,999.47,No
CUST10927,Male,0,Yes,No,13,Month-to-month,DSL,No,Mailed check,No,No,Yes,57.98,687.41,Yes
CUST10999,Female,0,No,Yes,45,Month-to-month,Fiber optic,Yes,Mailed check,No,No,Yes,71.08,3264.11,No
CUST10012,Male,0,Yes,Yes,57,Month-to-month,DSL,Yes,Bank transfer,No,No,No,50.22,2944.07,No
CUST10397,Female,1,No,Yes,72,Month-to-month,Fiber optic,No,Bank transfer,Yes,No,Yes,77.49,5440.74,No
CUST10755,Female,0,Yes,No,43,Month-to-month,No,No,Electronic check,No,No,No,26.58,1091.64,No
CUST10556,Female,0,No,No,27,One year,DSL,No,Electronic check,Yes,No,No,47.06,1280.79,No
CUST10043,Female,0,Yes,No,72,Month-to-month,DSL,Yes,Credit card,Yes,Yes,No,57.01,4153.82,No
CUST10168,Male,1,Yes,Yes,66,Month-to-month,No,No,Mailed check,No,No,No,30.17,2102.42,No
CUST10417,Male,0,No,No,71,Month-to-month,Fiber optic,Yes,Mailed check,No,Yes,No,66.05,5018.33,No
CUST10577,Male,0,Yes,No,22,Month-to-month,DSL,Yes,Mailed check,No,No,No,38.18,1057.69,Yes
CUST10268,Female,0,No,No,4,Two year,No,No,Credit card,No,No,No,30.49,35.32,No
CUST10808,Male,0,No,No,39,Two year,DSL,Yes,Credit card,No,Yes,Yes,60.82,2139.44,No
CUST10427,Male,1,Yes,No,21,One year,Fiber optic,No,Mailed check,Yes,No,Yes,67.96,1380.72,No
CUST10691,Female,0,Yes,No,65,Month-to-month,DSL,Yes,Mailed check,Yes,No,Yes,47.72,2979.25,No
CUST10545,Male,0,No,No,40,One year,No,No,Bank transfer,No,No,No,34.36,1607.7,No
CUST11123,Male,0,No,Yes,42,Month-to-month,DSL,No,Electronic check,No,No,No,43.51,2079.87,No
CUST10675,Female,0,Yes,No,39,Month-to-month,DSL,Yes,Electronic check,Yes,Yes,No,44.43,1696.86,No
CUST10690,Female,0,No,Yes,42,Month-to-month,DSL,No,Electronic check,Yes,No,Yes,50.31,2308.31,No
CUST11055,Male,0,No,No,9,One year,DSL,Yes,Mailed check,No,Yes,Yes,48.94,425.47,No
CUST11177,Male,0,No,Yes,37,Month-to-month,No,No,Credit card,No,No,No,30.5,1067.8,No
CUST11033,Male,0,No,No,1,One year,DSL,Yes,Electronic check,No,No,No,38.6,164.49,No
CUST11035,Male,1,Yes,No,19,Month-to-month,DSL,No,Electronic check,Yes,No,Yes,53.07,927.61,Yes
CUST10258,Female,0,Yes,No,34,Two year,Fiber optic,Yes,Mailed check,No,No,No,55.81,1842.62,No
CUST10336,Female,0,No,No,40,Month-to-month,DSL,Yes,Bank transfer,No,Yes,Yes,57.48,2157.11,No
CUST10016,Male,1,Yes,No,3,Month-to-month,DSL,Yes,Electronic check,No,No,Yes,45.71,237.84,Yes
CUST10902,Female,0,Yes,No,25,One year,DSL,Yes,Mailed check,No,Yes,Yes,54.36,1238.92,No
CUST10325,Female,0,No,No,45,One year,DSL,No,Electronic check,No,Yes,Yes,57.56,2613.99,No
CUST10608,Female,0,No,Yes,27,One year,Fiber optic,No,Credit card,Yes,Yes,Yes,74.04,1930.08,No
CUST11054,Male,0,Yes,No,40,One year,Fiber optic,Yes,Bank transfer,Yes,Yes,Yes,73.87,2862.94,No
CUST10791,Female,0,No,No,18,Month-to-month,DSL,No,Mailed check,Yes,No,Yes,53.16,1144.4,No
CUST10223,Female,0,No,No,40,Two year,DSL,Yes,Mailed check,Yes,Yes,Yes,58.24,2516.61,No
CUST10180,Male,0,No,No,5,Two year,DSL,Yes,Credit card,No,No,Yes,48.98,395.09,No
CUST10100,Male,0,Yes,No,11,Month-to-month,DSL,Yes,Electronic check,No,No,No,39.54,469.19,No
CUST10522,Male,1,Yes,No,16,One year,No,No,Mailed check,No,No,No,37.06,525.35,No
CUST10023,Female,0,No,No,52,Month-to-month,DSL,Yes,Electronic check,No,No,Yes,50.23,2542.21,No
CUST10357,Female,0,Yes,No,60,One year,No,Yes,Credit card,No,No,No,30.0,1838.01,No
CUST10734,Female,1,Yes,No,47,Month-to-month,Fiber optic,Yes,Bank transfer,No,No,No,69.21,3191.71,Yes
CUST11094,Male,0,No,No,31,Month-to-month,Fiber optic,Yes,Mailed check,Yes,No,No,58.81,1712.23,No
CUST11112,Male,0,Yes,Yes,55,Two year,DSL,Yes,Mailed check,No,No,No,42.53,2356.2,No
CUST10612,Female,0,No,Yes,54,Month-to-month,DSL,Yes,Electronic check,Yes,Yes,Yes,66.71,3557.48,No
CUST11010,Female,0,Yes,Yes,38,Month-to-month,No,Yes,Bank transfer,No,No,No,24.74,1099.61,No
CUST10341,Male,0,Yes,No,43,Two year,DSL,Yes,Credit card,No,No,Yes,50.93,2250.5,No
CUST10432,Female,0,Yes,No,29,One year,DSL,Yes,Electronic check,Yes,No,Yes,59.76,1610.45,Yes
CUST10962,Male,0,No,Yes,22,Month-to-month,DSL,No,Credit card,No,No,No,44.03,927.9,No
CUST10218,Male,0,No,Yes,31,Two year,No,No,Electronic check,No,No,No,29.79,1060.11,No
CUST10204,Male,0,No,No,65,Two year,Fiber optic,Yes,Electronic check,Yes,Yes,Yes,78.55,5095.39,No
CUST10906,Female,0,Yes,No,43,Month-to-month,Fiber optic,Yes,Electronic check,Yes,Yes,No,63.5,2431.13,No
CUST10923,Male,0,Yes,No,6,Month-to-month,Fiber optic,Yes,Bank transfer,No,Yes,Yes,75.95,481.96,No
CUST10094,Female,0,No,No,50,Two year,No,Yes,Mailed check,No,No,No,37.21,2007.57,No
CUST10911,Male,0,Yes,No,63,Month-to-month,Fiber optic,Yes,Electronic check,Yes,No,No,64.63,3988.38,No
CUST10069,Female,0,No,No,9,Month-to-month,DSL,No,Credit card,Yes,No,Yes,60.26,586.39,No
CUST10895,Female,0,No,No,41,One year,Fiber optic,No,Mailed check,No,No,Yes,62.69,2649.02,No
CUST10285,Female,0,No,No,24,Two year,Fiber optic,Yes,Credit card,No,No,Yes,62.58,1552.68,No
CUST10697,Male,0,No,No,11,Two year,DSL,No,Credit card,Yes,No,Yes,53.93,680.54,No
CUST10086,Male,0,No,No,11,Month-to-month,DSL,Yes,Electronic check,No,Yes,No,44.11,601.47,No
CUST10435,Female,0,Yes,No,70,Month-to-month,Fiber optic,Yes,Electronic check,No,No,Yes,70.17,4874.44,No
CUST10797,Male,0,No,No,70,One year,Fiber optic,No,Mailed check,No,Yes,Yes,67.85,4756.64,No
CUST10154,Male,0,Yes,No,27,Month-to-month,DSL,Yes,Credit card,No,No,Yes,48.78,1171.88,No
CUST10076,Female,1,Yes,No,12,One year,DSL,Yes,Mailed check,No,Yes,No,51.19,645.71,No
CUST11043,Male,0,Yes,Yes,70,Month-to-month,Fiber optic,Yes,Bank transfer,No,Yes,Yes,71.33,5051.91,No
CUST10581,Female,1,Yes,No,45,One year,No,No,Mailed check,No,No,No,34.43,1800.18,No
CUST10447,Male,0,No,No,34,Month-to-month,Fiber optic,No,Credit card,Yes,No,Yes,71.41,2554.2,No
CUST10704,Female,0,No,No,43,Month-to-month,Fiber optic,Yes,Electronic check,No,Yes,No,57.36,2613.93,No
CUST10189,Male,0,No,Yes,40,Month-to-month,No,Yes,Bank transfer,No,No,No,28.78,1019.85,No
CUST10272,Female,0,Yes,No,7,One year,DSL,Yes,Credit card,No,No,No,37.51,182.82,No
CUST10237,Female,1,Yes,No,13,One year,DSL,Yes,Electronic check,No,No,No,44.4,512.71,No
CUST10488,Female,0,Yes,No,66,One year,Fiber optic,Yes,Mailed check,No,No,Yes,65.73,4477.69,No
CUST11160,Female,0,No,No,29,Month-to-month,Fiber optic,No,Bank transfer,Yes,No,No,60.05,1800.22,No
CUST10560,Female,0,Yes,No,66,Month-to-month,DSL,Yes,Electronic check,Yes,No,No,44.0,2926.58,No
CUST10118,Female,1,No,No,58,One year,DSL,No,Mailed check,No,Yes,Yes,57.0,3324.85,No
CUST10638,Male,0,Yes,No,58,One year,DSL,No,Electronic check,Yes,Yes,No,52.29,3083.52,No
CUST11128,Female,1,Yes,No,27,Month-to-month,DSL,Yes,Electronic check,No,Yes,No,47.99,1262.75,No
CUST10751,Female,1,No,No,34,One year,Fiber optic,Yes,Credit card,Yes,Yes,No,69.15,2524.03,No
CUST10513,Male,0,No,No,50,Month-to-month,No,Yes,Mailed check,No,No,No,30.35,1534.62,No
CUST10634,Male,0,No,Yes,20,Month-to-month,DSL,No,Electronic check,Yes,Yes,No,51.02,991.73,No
CUST10786,Male,0,Yes,No,30,Two year,Fiber optic,Yes,Credit card,Yes,No,No,56.89,1546.33,No
CUST11007,Female,0,Yes,No,58,Month-to-month,DSL,Yes,Mailed check,Yes,No,Yes,51.75,2984.67,No
CUST10853,Male,1,Yes,No,53,Month-to-month,DSL,Yes,Bank transfer,No,No,Yes,47.77,2595.07,No
CUST10127,Female,0,No,Yes,1,Month-to-month,Fiber optic,Yes,Credit card,No,Yes,Yes,77.06,143.18,No
CUST10117,Male,0,No,Yes,36,Month-to-month,Fiber optic,No,Credit card,Yes,Yes,Yes,82.36,3191.86,No
CUST10474,Female,0,Yes,No,7,Month-to-month,No,Yes,Credit card,No,No,No,32.4,20.0,No
CUST10741,Male,0,No,No,41,Two year,Fiber optic,Yes,Mailed check,Yes,No,No,64.59,2808.58,No
CUST10993,Female,0,No,No,6,Two year,No,No,Mailed check,No,No,No,24.88,181.97,No
CUST10058,Male,0,No,No,21,One year,DSL,Yes,Credit card,Yes,No,Yes,49.97,861.88,No
CUST10604,Female,0,No,No,41,One year,Fiber optic,No,Credit card,No,Yes,Yes,67.83,2750.98,No
CUST10787,Male,0,Yes,No,22,Two year,DSL,Yes,Mailed check,No,No,No,43.24,806.89,No
CUST10971,Female,0,No,Yes,26,Month-to-month,No,No,Electronic check,No,No,No,29.98,843.3,No
CUST10657,Male,0,No,No,43,Two year,Fiber optic,No,Credit card,Yes,Yes,Yes,76.09,3323.23,No
CUST10903,Female,0,Yes,No,18,Month-to-month,Fiber optic,Yes,Mailed check,No,Yes,Yes,72.3,1428.81,No
CUST10922,Male,1,Yes,Yes,8,One year,Fiber optic,No,Credit card,No,Yes,No,71.03,297.48,No
CUST10106,Female,1,Yes,Yes,17,Two year,No,Yes,Electronic check,No,No,No,26.16,196.97,No
CUST10636,Female,0,No,Yes,67,Two year,Fiber optic,No,Credit card,No,Yes,No,65.45,4392.94,No
CUST10370,Male,0,No,No,25,Two year,DSL,Yes,Credit card,No,No,No,31.04,724.87,No
CUST10269,Male,1,No,No,17,Month-to-month,Fiber optic,Yes,Mailed check,No,No,Yes,67.78,1242.94,No
CUST10656,Male,0,No,No,45,One year,No,Yes,Electronic check,No,No,No,30.3,1518.48,No
CUST10047,Female,0,No,Yes,13,One year,Fiber optic,Yes,Mailed check,Yes,No,No,62.45,752.12,Yes
CUST10350,Male,0,Yes,No,35,Month-to-month,No,Yes,Bank transfer,No,No,No,34.12,1113.86,No
CUST10774,Female,0,Yes,Yes,59,Month-to-month,Fiber optic,Yes,Bank transfer,No,No,Yes,67.79,3858.16,No
CUST10196,Female,1,No,No,53,One year,Fiber optic,Yes,Credit card,No,No,No,58.5,3123.23,No
CUST10103,Female,0,No,No,66,Month-to-month,DSL,Yes,Electronic check,Yes,No,Yes,58.47,3851.62,No
CUST10005,Male,0,No,No,28,Month-to-month,Fiber optic,No,Bank transfer,No,No,No,60.75,1739.71,No
CUST10620,Male,0,No,No,70,Month-to-month,DSL,No,Bank transfer,No,No,No,46.63,3210.23,No
CUST10991,Female,0,No,No,50,One year,Fiber optic,No,Electronic check,Yes,Yes,No,65.8,3463.48,No
CUST10053,Male,0,No,No,17,Month-to-month,Fiber optic,Yes,Credit card,No,Yes,Yes,74.74,1307.67,No
CUST10264,Male,0,No,No,70,Two year,DSL,Yes,Credit card,Yes,No,Yes,62.46,4264.89,No
CUST11093,Female,0,Yes,No,69,Month-to-month,Fiber optic,No,Bank transfer,No,No,No,53.53,3577.96,No
CUST10444,Female,0,No,No,30,One year,DSL,No,Bank transfer,No,No,Yes,44.43,1350.95,No
CUST10972,Male,0,No,No,25,Month-to-month,Fiber optic,No,Electronic check,No,No,Yes,72.82,1841.77,No
CUST10783,Female,1,Yes,No,39,Month-to-month,No,Yes,Bank transfer,No,No,No,34.86,1304.49,No
CUST10847,Female,0,No,No,45,Month-to-month,No,No,Electronic check,No,No,No,32.74,1434.55,No
CUST10692,Female,0,No,No,72,One year,No,Yes,Bank transfer,No,No,No,37.47,2711.32,No
CUST10305,Female,0,Yes,No,28,One year,Fiber optic,Yes,Mailed check,No,Yes,Yes,69.17,2092.19,No
CUST10342,Female,0,No,Yes,17,One year,DSL,Yes,Credit card,Yes,Yes,Yes,68.47,1135.96,No
CUST10867,Male,1,No,No,67,Month-to-month,No,No,Mailed check,No,No,No,29.02,1833.96,No
CUST10314,Male,0,Yes,No,45,Two year,DSL,Yes,Mailed check,Yes,No,No,46.32,2025.46,No
CUST10150,Female,0,No,Yes,24,One year,DSL,Yes,Electronic check,No,Yes,No,44.18,1238.05,No
CUST10125,Male,0,Yes,No,56,Month-to-month,Fiber optic,Yes,Electronic check,Yes,No,Yes,74.38,4046.7,No
CUST11063,Male,1,Yes,No,5,Month-to-month,Fiber optic,No,Bank transfer,Yes,Yes,Yes,75.7,427.67,Yes
CUST10575,Male,0,No,No,45,Month-to-month,Fiber optic,No,Electronic check,Yes,No,Yes,71.05,3180.6,No
CUST10698,Female,0,No,Yes,61,Month-to-month,Fiber optic,Yes,Bank transfer,Yes,Yes,Yes,77.79,4806.09,Yes
CUST10665,Male,0,Yes,No,72,Month-to-month,Fiber optic,Yes,Bank transfer,Yes,No,Yes,70.62,5198.72,No
CUST10051,Male,0,No,Yes,16,One year,DSL,No,Credit card,Yes,No,No,53.45,911.36,No
CUST10727,Male,0,Yes,No,35,Month-to-month,No,Yes,Bank transfer,No,No,No,25.55,1024.54,No
CUST10800,Male,0,Yes,No,24,Month-to-month,DSL,Yes,Credit card,Yes,Yes,No,53.34,1149.16,No
CUST10354,Female,1,Yes,No,11,Month-to-month,Fiber optic,No,Mailed check,Yes,Yes,Yes,76.86,773.82,No
CUST11153,Female,0,Yes,No,72,One year,Fiber optic,Yes,Mailed check,No,Yes,Yes,66.29,4805.97,No
CUST10143,Female,0,Yes,No,67,Month-to-month,DSL,No,Mailed check,No,Yes,No,52.73,3516.86,No
CUST10471,Male,0,Yes,No,34,Two year,DSL,No,Bank transfer,No,No,No,46.53,1666.42,No
CUST10654,Male,0,No,Yes,4,Two year,DSL,No,Bank transfer,No,Yes,Yes,60.34,304.17,No
CUST10400,Male,0,No,Yes,46,Month-to-month,Fiber optic,Yes,Mailed check,No,No,Yes,68.53,3234.94,No
CUST11154,Female,0,No,No,51,One year,Fiber optic,Yes,Bank transfer,Yes,No,No,64.73,3469.11,No
CUST10938,Male,0,Yes,No,53,Month-to-month,Fiber optic,No,Mailed check,Yes,No,Yes,74.67,4029.57,Yes
CUST10321,Female,1,Yes,No,69,Two year,No,Yes,Electronic check,No,No,No,25.88,1656.75,No
CUST10020,Male,0,Yes,No,31,Month-to-month,Fiber optic,Yes,Mailed check,No,No,Yes,66.47,2105.89,Yes
CUST10685,Male,0,Yes,No,43,One year,Fiber optic,Yes,Mailed check,No,No,No,56.26,2512.82,No
CUST10036,Male,0,No,No,15,Two year,Fiber optic,Yes,Electronic check,No,No,Yes,67.79,973.85,No
CUST10825,Female,1,No,Yes,58,Month-to-month,No,Yes,Bank transfer,No,No,No,26.51,1578.43,No
CUST10506,Male,0,Yes,Yes,71,Month-to-month,Fiber optic,No,Bank transfer,Yes,No,No,59.56,4342.24,No
CUST10828,Female,1,No,No,11,Month-to-month,No,Yes,Bank transfer,No,No,No,27.96,155.04,No
CUST11071,Male,0,No,Yes,8,Month-to-month,Fiber optic,Yes,Mailed check,Yes,Yes,Yes,71.91,499.36,Yes
CUST10408,Female,1,No,Yes,8,Month-to-month,Fiber optic,No,Electronic check,Yes,Yes,No,62.59,561.67,Yes
CUST10818,Male,0,No,Yes,54,One year,DSL,No,Bank transfer,No,Yes,No,46.97,2423.47,No
CUST10538,Male,0,No,No,57,Month-to-month,Fiber optic,Yes,Electronic check,No,Yes,Yes,70.46,4124.55,No
CUST10759,Male,0,Yes,No,50,Month-to-month,Fiber optic,Yes,Bank transfer,No,No,No,59.85,2850.29,No
CUST11069,Male,0,No,No,42,Month-to-month,Fiber optic,Yes,Electronic check,No,Yes,No,62.86,2657.09,Yes
CUST10893,Male,0,Yes,No,60,One year,Fiber optic,Yes,Mailed check,No,No,No,61.89,3811.86,No
CUST10039,Male,0,No,No,58,Month-to-month,DSL,No,Electronic check,No,Yes,No,46.44,2715.6,No
CUST10176,Female,0,No,No,52,Two year,Fiber optic,Yes,Credit card,Yes,No,Yes,71.26,3539.36,No
CUST10246,Female,0,No,No,15,Month-to-month,DSL,No,Electronic check,No,Yes,No,43.08,829.61,No
CUST10811,Male,0,No,Yes,29,One year,Fiber optic,No,Bank transfer,Yes,No,Yes,73.69,2097.81,No
CUST11085,Female,0,No,No,56,Month-to-month,Fiber optic,Yes,Bank transfer,No,Yes,No,58.34,3162.75,No
CUST11078,Male,0,Yes,No,36,Month-to-month,No,No,Mailed check,No,No,No,25.65,862.62,No
CUST10785,Female,0,Yes,No,30,One year,DSL,Yes,Credit card,Yes,Yes,Yes,58.67,1803.42,No
CUST11185,Female,0,Yes,No,14,One year,DSL,No,Credit card,No,No,Yes,43.33,520.57,No
CUST10490,Male,0,No,No,17,One year,DSL,Yes,Credit card,Yes,No,Yes,61.49,1064.03,No
CUST10155,Male,0,No,Yes,15,Month-to-month,Fiber optic,No,Electronic check,Yes,No,Yes,68.61,962.68,Yes
CUST10639,Female,1,No,Yes,53,Month-to-month,DSL,Yes,Credit card,Yes,No,No,46.03,2550.98,No
CUST10663,Male,0,Yes,No,53,Two year,Fiber optic,Yes,Bank transfer,Yes,No,No,59.15,3335.14,No
CUST10854,Male,0,No,Yes,59,Month-to-month,Fiber optic,Yes,Credit card,No,Yes,Yes,73.45,4209.26,No
CUST10288,Male,0,Yes,No,71,Month-to-month,DSL,No,Mailed check,Yes,No,No,45.1,3104.65,No
CUST10626,Female,0,No,No,72,Month-to-month,No,No,Electronic check,No,No,No,26.19,2096.19,No
CUST11200,Male,0,Yes,No,62,One year,Fiber optic,No,Electronic check,No,Yes,No,60.65,3693.99,No
CUST10686,Female,0,No,No,19,Month-to-month,Fiber optic,Yes,Mailed check,No,Yes,Yes,74.26,1391.68,No
CUST10873,Female,1,Yes,No,67,Two year,DSL,No,Electronic check,Yes,No,No,46.23,3168.86,No
CUST10570,Male,0,No,No,34,Two year,No,Yes,Mailed check,No,No,No,30.87,1139.89,No
CUST11144,Male,0,Yes,No,3,Month-to-month,Fiber optic,Yes,Mailed check,Yes,No,No,66.12,305.67,No
CUST10735,Female,1,No,Yes,53,Month-to-month,DSL,Yes,Mailed check,No,No,Yes,48.05,2363.05,No
CUST10793,Male,0,No,No,71,Month-to-month,DSL,Yes,Mailed check,Yes,No,Yes,56.09,4042.21,No
CUST10018,Female,0,No,Yes,49,Two year,Fiber optic,No,Mailed check,No,Yes,Yes,70.88,3440.41,No
CUST10128,Male,0,No,No,42,Two year,DSL,No,Mailed check,No,No,Yes,47.83,2059.89,No
CUST10323,Female,1,No,No,60,Two year,DSL,Yes,Electronic check,No,No,Yes,57.08,3348.32,No
CUST10256,Male,0,Yes,No,49,One year,No,Yes,Credit card,No,No,No,27.31,1120.64,No
CUST10944,Male,0,No,Yes,51,Two year,Fiber optic,Yes,Mailed check,No,No,Yes,64.01,3119.4,No
CUST11180,Male,1,No,No,5,Month-to-month,Fiber optic,Yes,Mailed check,Yes,Yes,No,62.33,302.43,No
CUST10191,Male,0,No,No,52,Month-to-month,DSL,No,Credit card,No,No,No,44.47,2328.78,No
CUST10116,Female,1,No,No,43,One year,Fiber optic,No,Bank transfer,No,No,No,57.06,2689.54,No
CUST11174,Male,1,Yes,No,33,One year,DSL,No,Electronic check,No,No,Yes,43.5,1418.24,Yes
CUST10889,Female,0,No,No,72,Two year,DSL,No,Electronic check,No,Yes,Yes,61.03,4473.33,No
CUST10607,Male,0,No,No,5,Month-to-month,Fiber optic,Yes,Credit card,Yes,No,No,59.04,82.8,No
CUST10181,Male,0,No,Yes,70,Month-to-month,Fiber optic,No,Bank transfer,No,No,No,51.18,3556.5,No
CUST10302,Male,0,Yes,No,62,Two year,No,Yes,Electronic check,No,No,No,28.43,1787.86,No
CUST10497,Male,0,Yes,No,11,Month-to-month,No,No,Credit card,No,No,No,32.47,375.78,No
CUST10349,Female,1,Yes,No,70,Month-to-month,Fiber optic,Yes,Electronic check,No,Yes,No,64.09,4498.14,No
CUST11036,Female,0,No,No,34,Month-to-month,No,Yes,Electronic check,No,No,No,30.97,1047.19,No
CUST10983,Female,0,Yes,Yes,23,One year,Fiber optic,No,Mailed check,No,Yes,No,68.74,1624.15,No
CUST10745,Male,0,Yes,Yes,50,Two year,Fiber optic,No,Bank transfer,No,Yes,No,62.68,3291.57,No
CUST11152,Male,0,Yes,Yes,59,Month-to-month,Fiber optic,Yes,Credit card,No,No,No,56.86,3356.48,No
CUST10518,Female,1,Yes,No,27,Month-to-month,No,Yes,Mailed check,No,No,No,32.58,879.25,No
CUST10373,Female,0,Yes,No,11,Month-to-month,Fiber optic,No,Mailed check,No,No,No,63.26,714.28,No
CUST10046,Female,1,No,No,59,Two year,Fiber optic,Yes,Electronic check,Yes,No,Yes,70.13,4154.01,No
CUST10477,Male,0,No,No,31,Month-to-month,No,Yes,Credit card,No,No,No,30.73,870.66,No
CUST10158,Female,0,No,Yes,44,Month-to-month,No,Yes,Mailed check,No,No,No,26.92,1179.83,No
CUST11047,Male,0,No,No,10,Month-to-month,Fiber optic,No,Mailed check,No,No,No,56.66,632.77,No
CUST10172,Male,1,No,No,49,Month-to-month,Fiber optic,No,Electronic check,Yes,No,Yes,78.18,3792.51,No
CUST10017,Female,0,Yes,No,59,Month-to-month,No,Yes,Bank transfer,No,No,No,30.46,1924.24,No
CUST10512,Female,0,No,Yes,40,Two year,Fiber optic,No,Electronic check,No,Yes,Yes,71.49,2747.99,No
CUST10049,Female,0,Yes,Yes,28,Month-to-month,DSL,Yes,Bank transfer,Yes,No,No,45.23,1135.73,No
CUST10192,Male,0,No,No,72,Month-to-month,Fiber optic,Yes,Mailed check,No,Yes,Yes,78.94,5696.56,No
CUST10547,Male,0,Yes,No,48,Month-to-month,DSL,No,Mailed check,No,Yes,Yes,57.87,2779.02,No
CUST10516,Male,0,Yes,No,12,Month-to-month,DSL,Yes,Electronic check,No,No,Yes,45.03,700.85,No
CUST10978,Female,0,Yes,Yes,23,One year,Fiber optic,Yes,Credit card,Yes,No,No,61.89,1472.6,No
CUST10939,Female,0,Yes,No,26,Month-to-month,Fiber optic,Yes,Electronic check,No,No,Yes,70.23,1833.72,No
CUST10829,Male,0,Yes,Yes,68,Month-to-month,DSL,No,Credit card,Yes,Yes,Yes,64.41,4360.4,No
CUST10984,Male,0,No,Yes,45,One year,DSL,Yes,Mailed check,Yes,Yes,Yes,61.14,2633.89,No
CUST10481,Female,0,Yes,No,31,Month-to-month,DSL,Yes,Electronic check,Yes,Yes,No,54.06,1735.47,No
CUST11129,Female,0,Yes,No,10,Month-to-month,DSL,Yes,Credit card,No,Yes,No,50.01,301.37,No
CUST10284,Male,0,No,No,44,Month-to-month,Fiber optic,Yes,Bank transfer,No,Yes,Yes,66.85,2975.61,No
CUST11030,Male,0,Yes,No,25,Two year,No,Yes,Mailed check,No,No,No,33.93,892.23,No
CUST10798,Male,0,No,No,44,Month-to-month,Fiber optic,Yes,Electronic check,Yes,No,No,63.91,2801.16,Yes
CUST10940,Female,0,No,No,14,Two year,Fiber optic,No,Mailed check,No,Yes,Yes,70.68,1078.45,Yes
CUST10226,Female,1,No,No,63,Month-to-month,DSL,Yes,Mailed check,No,Yes,Yes,56.84,3659.27,No
CUST10027,Female,0,No,Yes,4,Two year,DSL,No,Mailed check,No,Yes,No,48.28,127.59,No
CUST10283,Female,0,Yes,Yes,48,Month-to-month,DSL,Yes,Credit card,No,Yes,No,48.3,2353.34,No
CUST11150,Male,0,Yes,No,54,Month-to-month,DSL,Yes,Electronic check,No,No,Yes,54.72,2972.27,No
CUST10438,Female,0,No,Yes,2,Month-to-month,DSL,Yes,Credit card,No,No,Yes,51.26,100.18,No
CUST11168,Female,0,Yes,No,27,Month-to-month,Fiber optic,No,Electronic check,No,No,Yes,66.31,1747.03,Yes
CUST10365,Male,0,No,Yes,25,Month-to-month,DSL,Yes,Credit card,No,Yes,Yes,57.68,1482.22,No
CUST10230,Male,0,No,No,22,One year,DSL,Yes,Mailed check,No,Yes,No,42.69,940.32,No
CUST10038,Male,0,Yes,No,24,Two year,Fiber optic,Yes,Bank transfer,No,No,No,53.62,1283.57,No
CUST10670,Male,0,No,No,43,Two year,Fiber optic,No,Bank transfer,No,No,Yes,71.09,2983.37,No
CUST10750,Female,0,Yes,No,60,Month-to-month,DSL,Yes,Mailed check,No,Yes,Yes,58.54,3436.37,No
CUST11181,Female,0,Yes,No,48,Month-to-month,Fiber optic,No,Credit card,No,No,No,59.46,2950.77,No
CUST10375,Male,0,No,No,45,Month-to-month,Fiber optic,No,Bank transfer,Yes,Yes,No,59.75,2665.56,No
CUST10470,Female,0,No,No,44,Month-to-month,Fiber optic,Yes,Electronic check,Yes,No,No,56.33,2557.03,No
CUST10883,Male,0,No,No,41,Two year,Fiber optic,Yes,Electronic check,No,No,Yes,59.72,2399.34,No
CUST11182,Female,1,No,No,3,Month-to-month,Fiber optic,Yes,Bank transfer,Yes,No,No,63.98,119.63,Yes
CUST10688,Male,0,Yes,Yes,6,Month-to-month,Fiber optic,No,Mailed check,No,No,No,53.15,307.5,No
CUST10033,Female,0,Yes,No,54,Month-to-month,Fiber optic,Yes,Bank transfer,Yes,Yes,No,68.18,3770.62,No
CUST11011,Male,1,Yes,No,6,One year,No,Yes,Credit card,No,No,No,33.98,202.65,No
CUST11176,Male,0,No,No,63,Month-to-month,DSL,No,Bank transfer,No,Yes,Yes,58.69,3742.06,No
CUST10195,Male,0,Yes,Yes,5,One year,DSL,Yes,Mailed check,No,No,No,40.96,169.43,No
CUST11106,Female,0,Yes,No,59,Two year,Fiber optic,No,Electronic check,Yes,No,Yes,72.26,4150.92,No
CUST11114,Male,0,Yes,No,55,One year,Fiber optic,Yes,Electronic check,No,Yes,Yes,65.94,3697.21,Yes
CUST11064,Male,0,Yes,No,20,One year,Fiber optic,Yes,Mailed check,Yes,No,No,64.37,1363.74,No
CUST10504,Female,1,No,No,47,Two year,Fiber optic,No,Electronic check,No,Yes,No,56.9,2665.28,No
CUST10916,Female,0,No,No,32,One year,DSL,Yes,Credit card,No,No,Yes,56.4,1705.8,No
CUST10977,Female,0,Yes,No,43,Two year,No,Yes,Electronic check,No,No,No,25.54,1194.83,No
CUST11183,Female,0,No,No,47,One year,DSL,No,Electronic check,Yes,No,Yes,52.59,2502.69,No
CUST11088,Female,0,Yes,Yes,40,Two year,Fiber optic,Yes,Mailed check,Yes,Yes,No,63.72,2592.21,No
CUST10801,Male,0,No,No,19,Month-to-month,No,Yes,Credit card,No,No,No,28.55,314.13,No
CUST10580,Female,0,Yes,No,33,Two year,Fiber optic,No,Bank transfer,Yes,Yes,Yes,73.99,2378.97,No
CUST10161,Male,0,Yes,No,34,Month-to-month,Fiber optic,Yes,Mailed check,No,No,Yes,62.61,2177.42,Yes
CUST10681,Female,0,No,No,42,Month-to-month,DSL,Yes,Electronic check,No,No,Yes,54.52,2239.82,No
CUST11198,Male,0,No,No,8,Month-to-month,Fiber optic,Yes,Electronic check,No,No,Yes,69.44,850.04,Yes
CUST10163,Female,0,Yes,Yes,12,Month-to-month,Fiber optic,Yes,Bank transfer,No,Yes,Yes,74.69,995.83,No
CUST10822,Female,0,Yes,Yes,43,Month-to-month,DSL,No,Bank transfer,No,No,No,39.6,1748.03,No
CUST10706,Male,1,No,No,37,Two year,DSL,No,Credit card,Yes,Yes,Yes,54.15,1977.37,No
CUST11009,Female,0,No,Yes,6,Month-to-month,Fiber optic,No,Electronic check,No,No,Yes,67.28,266.6,No
CUST10878,Female,0,No,No,9,One year,DSL,Yes,Mailed check,No,No,Yes,47.17,431.92,No
CUST10896,Female,0,Yes,Yes,36,Two year,Fiber optic,No,Credit card,No,No,No,56.43,2077.44,No
CUST10914,Female,0,Yes,Yes,56,Month-to-month,DSL,Yes,Electronic check,No,Yes,Yes,56.73,3180.64,No
CUST11199,Male,0,No,No,3,Month-to-month,DSL,Yes,Bank transfer,No,Yes,No,52.82,183.51,Yes
CUST10153,Male,0,Yes,No,58,Month-to-month,Fiber optic,Yes,Bank transfer,No,No,No,55.29,3297.5,Yes
CUST10979,Female,0,No,Yes,30,Month-to-month,DSL,No,Credit card,No,No,No,40.51,1102.54,No
CUST11003,Male,0,Yes,No,28,Month-to-month,No,No,Electronic check,No,No,No,26.54,850.66,No
CUST10510,Female,0,Yes,No,19,One year,Fiber optic,No,Bank transfer,No,No,Yes,58.04,901.38,No
CUST10112,Male,0,Yes,No,38,Month-to-month,Fiber optic,Yes,Electronic check,No,No,No,59.7,2449.17,No
CUST10227,Male,0,No,Yes,54,One year,DSL,No,Credit card,Yes,No,Yes,58.67,3239.01,No
CUST10986,Female,0,Yes,No,47,Two year,DSL,Yes,Bank transfer,Yes,Yes,Yes,59.0,2765.12,No
CUST10852,Female,0,No,Yes,42,One year,DSL,Yes,Bank transfer,No,No,Yes,41.66,1853.44,No
CUST10104,Female,0,No,No,63,Month-to-month,DSL,No,Bank transfer,No,No,Yes,50.91,3166.4,No
CUST10422,Female,0,Yes,Yes,15,Month-to-month,Fiber optic,Yes,Electronic check,No,Yes,Yes,73.02,1107.57,No
CUST10420,Female,0,No,No,29,One year,Fiber optic,No,Electronic check,No,Yes,Yes,70.5,2055.83,Yes
CUST10625,Male,0,No,Yes,69,Month-to-month,Fiber optic,Yes,Credit card,Yes,No,No,61.01,4077.17,No
CUST10587,Female,0,No,Yes,23,Two year,No,No,Electronic check,No,No,No,31.0,810.73,No
CUST11061,Male,0,Yes,Yes,52,Two year,Fiber optic,No,Credit card,Yes,Yes,Yes,73.83,3850.28,No
CUST10920,Female,1,No,No,67,Month-to-month,DSL,No,Bank transfer,Yes,Yes,No,58.32,4061.85,No
CUST10673,Female,0,No,No,20,Month-to-month,Fiber optic,Yes,Credit card,No,Yes,No,61.35,1205.62,No
CUST10120,Male,0,No,No,52,Month-to-month,DSL,Yes,Electronic check,No,Yes,Yes,54.96,2954.24,No
CUST10054,Female,0,Yes,No,30,Month-to-month,Fiber optic,No,Credit card,No,Yes,No,64.48,1835.27,No
CUST10152,Male,1,Yes,Yes,67,Month-to-month,DSL,Yes,Electronic check,No,No,Yes,52.58,3518.63,No
CUST10404,Male,0,Yes,No,43,Month-to-month,Fiber optic,No,Mailed check,No,No,Yes,69.98,2923.59,No
CUST11189,Male,0,No,Yes,17,Month-to-month,DSL,Yes,Credit card,No,Yes,No,46.54,1021.35,No
CUST10208,Female,1,No,Yes,11,One year,DSL,No,Bank transfer,No,Yes,Yes,56.73,686.08,No
CUST11135,Male,0,Yes,Yes,18,Month-to-month,DSL,Yes,Electronic check,Yes,No,Yes,53.38,950.38,No
CUST10659,Female,0,Yes,Yes,13,Two year,DSL,No,Electronic check,Yes,Yes,Yes,58.43,683.72,No
CUST11097,Female,0,Yes,No,55,Two year,Fiber optic,Yes,Mailed check,No,No,Yes,69.67,3796.59,No
CUST10233,Female,0,No,Yes,62,Month-to-month,DSL,Yes,Mailed check,Yes,No,No,54.39,3585.71,No
CUST10009,Male,0,Yes,No,72,Month-to-month,Fiber optic,Yes,Mailed check,Yes,Yes,No,64.57,4565.08,No
CUST10160,Female,0,Yes,No,47,Two year,DSL,No,Mailed check,Yes,Yes,Yes,56.87,2613.93,No
CUST10037,Female,0,Yes,No,17,Month-to-month,DSL,No,Credit card,No,Yes,Yes,57.18,1104.39,No
CUST10453,Female,1,Yes,Yes,52,Two year,DSL,No,Bank transfer,Yes,No,Yes,62.63,3312.12,No
CUST10652,Female,0,No,No,20,Month-to-month,DSL,No,Mailed check,No,No,Yes,50.54,865.2,No
CUST10254,Male,1,Yes,Yes,69,Month-to-month,DSL,Yes,Mailed check,No,No,No,42.8,2956.73,No
CUST10304,Female,0,Yes,Yes,45,Month-to-month,Fiber optic,Yes,Mailed check,No,Yes,No,59.58,2734.95,No
CUST10897,Female,0,Yes,No,23,Two year,No,No,Electronic check,No,No,No,36.71,1046.11,No
CUST11049,Male,0,Yes,No,18,Two year,DSL,No,Bank transfer,No,No,No,35.96,781.79,No
CUST10881,Male,0,Yes,No,15,Month-to-month,DSL,Yes,Credit card,No,No,Yes,40.83,551.33,No
CUST10572,Male,1,Yes,Yes,22,Month-to-month,DSL,No,Electronic check,Yes,No,No,47.04,1125.67,No
CUST10624,Female,1,Yes,No,45,Month-to-month,Fiber optic,Yes,Electronic check,No,No,No,58.37,2627.42,No
CUST11145,Female,0,No,No,38,One year,DSL,Yes,Mailed check,No,No,Yes,47.62,1835.65,No
CUST11031,Male,0,Yes,No,16,Month-to-month,DSL,No,Credit card,Yes,Yes,Yes,54.65,1042.04,Yes
CUST11146,Female,0,Yes,Yes,61,Month-to-month,No,Yes,Bank transfer,No,No,No,28.31,1806.9,No
CUST10263,Male,0,Yes,Yes,6,One year,Fiber optic,Yes,Credit card,No,No,Yes,63.21,366.68,No
CUST10611,Male,0,Yes,No,17,Month-to-month,Fiber optic,Yes,Electronic check,Yes,No,Yes,69.28,1230.0,Yes
CUST10298,Male,1,Yes,No,68,Month-to-month,DSL,Yes,Bank transfer,Yes,No,No,51.47,3454.29,No
CUST10990,Female,0,Yes,No,7,Month-to-month,DSL,Yes,Electronic check,No,No,Yes,47.26,97.21,Yes
CUST10415,Male,0,Yes,No,16,Two year,DSL,Yes,Mailed check,No,No,Yes,52.36,780.03,No
CUST10151,Male,0,Yes,No,5,One year,Fiber optic,Yes,Electronic check,Yes,No,No,64.98,373.28,No
CUST10946,Male,0,Yes,No,23,Month-to-month,DSL,Yes,Bank transfer,No,No,Yes,51.77,1096.01,Yes
CUST10473,Male,0,Yes,No,9,One year,No,No,Mailed check,No,No,No,31.01,410.72,No
CUST10953,Male,0,Yes,No,19,Month-to-month,No,No,Electronic check,No,No,No,27.73,644.35,No
CUST10988,Female,0,Yes,No,51,One year,No,Yes,Mailed check,No,No,No,29.06,1410.73,No
CUST10779,Female,0,Yes,No,39,Two year,Fiber optic,Yes,Bank transfer,No,No,No,63.2,2632.88,No
CUST10641,Female,1,No,Yes,66,Month-to-month,Fiber optic,Yes,Credit card,No,No,Yes,62.06,4065.51,No
CUST11190,Female,0,Yes,Yes,24,Month-to-month,Fiber optic,Yes,Credit card,No,Yes,No,64.73,1477.21,No
CUST11143,Female,0,No,Yes,28,Month-to-month,Fiber optic,Yes,Electronic check,No,No,No,57.61,1658.38,Yes
CUST10551,Male,0,No,No,66,One year,No,Yes,Credit card,No,No,No,28.91,1849.04,No
CUST10640,Female,0,Yes,No,1,Month-to-month,DSL,No,Bank transfer,No,Yes,Yes,58.85,20.0,Yes
CUST10936,Male,0,Yes,No,19,Month-to-month,No,No,Credit card,No,No,No,33.23,601.28,No
CUST10929,Female,0,No,Yes,25,Month-to-month,Fiber optic,No,Mailed check,Yes,No,No,56.71,1438.1,Yes
CUST10489,Male,1,No,No,60,Month-to-month,Fiber optic,Yes,Electronic check,No,No,Yes,62.71,3918.32,No
CUST10820,Male,1,Yes,No,3,Month-to-month,Fiber optic,Yes,Electronic check,Yes,No,Yes,74.66,20.0,Yes
CUST10711,Male,0,Yes,No,57,Two year,Fiber optic,Yes,Bank transfer,No,No,No,57.59,3324.01,No
CUST11081,Male,0,No,Yes,37,Two year,No,Yes,Mailed check,No,No,No,25.82,1072.64,No
CUST10148,Male,0,No,No,10,Month-to-month,DSL,Yes,Credit card,No,Yes,Yes,60.2,686.96,No
CUST10147,Male,0,No,Yes,64,Month-to-month,Fiber optic,No,Bank transfer,No,Yes,Yes,75.78,4815.31,No
CUST11175,Male,0,Yes,No,50,Month-to-month,Fiber optic,Yes,Credit card,No,Yes,Yes,74.05,3796.82,No
CUST10963,Female,0,Yes,No,16,One year,No,Yes,Electronic check,No,No,No,27.15,373.25,No
CUST10346,Male,0,No,No,41,Month-to-month,No,Yes,Mailed check,No,No,No,29.93,988.28,No
CUST10403,Male,1,Yes,No,13,Month-to-month,DSL,Yes,Credit card,No,Yes,No,44.77,523.85,Yes
CUST10932,Female,0,No,No,45,Month-to-month,Fiber optic,Yes,Electronic check,No,Yes,No,63.3,3072.2,No
CUST10955,Male,0,Yes,Yes,52,One year,DSL,Yes,Mailed check,No,No,No,43.16,2211.54,No
CUST11125,Female,0,Yes,Yes,63,Month-to-month,Fiber optic,Yes,Mailed check,Yes,No,Yes,78.32,4730.57,No
CUST10660,Female,0,Yes,No,60,Two year,Fiber optic,Yes,Electronic check,Yes,No,Yes,63.47,3870.44,No
CUST10464,Male,0,Yes,No,5,Two year,DSL,Yes,Credit card,No,No,Yes,47.91,248.96,No
CUST10187,Female,0,Yes,Yes,64,One year,DSL,Yes,Bank transfer,Yes,Yes,Yes,52.09,3324.33,No
CUST10609,Female,0,No,No,43,Month-to-month,Fiber optic,Yes,Credit card,No,No,No,55.87,2548.99,No
CUST10144,Female,0,Yes,No,24,Month-to-month,DSL,No,Electronic check,Yes,No,Yes,55.77,1310.47,No
CUST10752,Male,0,Yes,Yes,4,Month-to-month,Fiber optic,No,Bank transfer,No,Yes,Yes,72.44,140.65,Yes
CUST10982,Female,0,No,No,57,One year,DSL,Yes,Bank transfer,No,No,Yes,47.62,2809.27,No
CUST10198,Female,0,No,No,37,Two year,DSL,No,Electronic check,Yes,No,No,47.48,1748.82,No
CUST10884,Female,0,No,No,22,Month-to-month,No,Yes,Bank transfer,No,No,No,31.35,907.43,Yes
CUST10280,Female,0,Yes,No,20,Month-to-month,DSL,Yes,Mailed check,No,No,Yes,39.11,849.77,Yes
CUST10294,Female,0,Yes,No,70,Month-to-month,Fiber optic,Yes,Mailed check,Yes,No,Yes,74.01,5129.15,No
CUST11089,Female,0,Yes,Yes,64,One year,DSL,No,Credit card,Yes,No,Yes,57.75,3691.71,No
CUST10401,Female,0,No,No,63,Two year,Fiber optic,Yes,Electronic check,No,No,Yes,69.2,4455.71,No
CUST10123,Female,0,No,Yes,60,Two year,DSL,No,Credit card,No,Yes,No,43.35,2690.45,No
CUST10203,Male,0,No,No,2,Month-to-month,DSL,Yes,Mailed check,Yes,Yes,Yes,52.91,234.16,Yes
CUST10836,Female,0,Yes,Yes,25,One year,Fiber optic,Yes,Electronic check,Yes,No,No,66.12,1661.04,No
CUST10247,Male,0,No,No,54,One year,DSL,Yes,Mailed check,No,No,No,41.55,2066.56,No
CUST11140,Male,0,No,Yes,46,Month-to-month,Fiber optic,Yes,Electronic check,Yes,No,Yes,70.29,3190.75,Yes
CUST10385,Male,0,No,No,16,Month-to-month,No,No,Mailed check,No,No,No,26.42,204.74,No
CUST10855,Male,0,Yes,No,39,Month-to-month,No,Yes,Mailed check,No,No,No,28.31,877.18,No
CUST10220,Male,0,Yes,No,1,Month-to-month,Fiber optic,Yes,Mailed check,No,No,No,59.73,140.63,Yes
CUST10642,Female,0,Yes,No,29,Two year,DSL,No,Bank transfer,No,No,No,38.9,1258.81,No
CUST10002,Female,0,No,Yes,38,Month-to-month,No,Yes,Credit card,No,No,No,32.74,1461.24,No
CUST10113,Female,0,Yes,No,37,Month-to-month,DSL,No,Bank transfer,Yes,Yes,No,47.72,1898.14,No
CUST10699,Female,0,Yes,Yes,68,Month-to-month,No,Yes,Bank transfer,No,No,No,31.42,2178.45,No
CUST10952,Female,0,Yes,No,33,Month-to-month,No,Yes,Credit card,No,No,No,34.89,1056.74,No
CUST11079,Female,0,No,No,13,One year,Fiber optic,No,Bank transfer,No,Yes,No,59.91,765.27,No
CUST10442,Female,0,No,No,69,Month-to-month,DSL,No,Mailed check,No,No,No,39.0,2811.75,No
CUST10664,Female,0,Yes,No,43,Month-to-month,DSL,Yes,Credit card,Yes,No,No,47.0,2025.41,Yes
CUST11197,Female,0,No,Yes,36,Month-to-month,Fiber optic,Yes,Electronic check,Yes,No,Yes,70.98,2711.51,No
CUST10318,Male,1,No,No,57,One year,DSL,Yes,Credit card,No,No,No,44.0,2572.91,No
CUST10649,Female,1,Yes,No,60,Month-to-month,Fiber optic,Yes,Credit card,Yes,Yes,No,62.05,3660.04,No
CUST10710,Female,0,Yes,No,54,One year,DSL,Yes,Credit card,Yes,Yes,Yes,58.94,3355.59,No
CUST10973,Male,0,Yes,Yes,65,Month-to-month,DSL,No,Bank transfer,No,No,No,38.04,2412.97,No
CUST10628,Female,0,No,No,44,Two year,Fiber optic,No,Credit card,Yes,Yes,Yes,71.31,3057.62,No
CUST10633,Male,0,No,No,16,Month-to-month,Fiber optic,Yes,Bank transfer,No,No,No,62.43,899.81,No
CUST11172,Male,0,No,No,41,Two year,Fiber optic,No,Mailed check,Yes,No,No,68.23,2810.15,No
CUST11107,Male,0,No,No,60,Two year,DSL,Yes,Credit card,Yes,Yes,No,49.32,3029.22,No
CUST10796,Male,0,Yes,No,6,One year,DSL,Yes,Credit card,Yes,No,Yes,54.17,272.38,No
CUST10646,Male,0,Yes,No,51,Month-to-month,Fiber optic,Yes,Electronic check,Yes,No,Yes,68.26,3434.35,No
CUST11013,Female,0,Yes,Yes,14,One year,Fiber optic,Yes,Electronic check,No,No,Yes,65.4,857.9,No
CUST10557,Female,0,No,No,2,Month-to-month,DSL,Yes,Electronic check,Yes,No,Yes,53.31,52.19,No
CUST10682,Male,0,No,No,27,One year,Fiber optic,No,Credit card,No,Yes,Yes,71.12,1973.44,No
CUST10578,Female,0,Yes,Yes,61,Two year,DSL,No,Electronic check,Yes,No,No,49.03,2808.33,No
CUST10525,Female,0,No,No,54,Two year,DSL,Yes,Credit card,Yes,No,No,48.32,2567.3,No
CUST11060,Female,0,No,No,15,One year,No,No,Credit card,No,No,No,31.35,672.03,Yes
CUST10541,Male,0,No,Yes,34,Month-to-month,DSL,Yes,Bank transfer,No,No,Yes,57.25,1915.74,No
CUST10749,Male,1,No,No,53,One year,Fiber optic,Yes,Mailed check,Yes,Yes,Yes,78.0,3947.38,No
CUST11110,Male,0,No,Yes,68,One year,DSL,Yes,Electronic check,Yes,Yes,No,52.9,3667.98,No
CUST10485,Male,1,Yes,Yes,59,Month-to-month,DSL,No,Bank transfer,No,No,Yes,57.58,3334.2,No
CUST10096,Female,0,Yes,No,64,Month-to-month,DSL,No,Credit card,No,No,Yes,57.32,3803.09,No
CUST11021,Male,0,Yes,No,35,One year,DSL,Yes,Bank transfer,Yes,No,Yes,52.15,1874.87,No
CUST10564,Male,0,No,No,28,One year,Fiber optic,No,Mailed check,Yes,Yes,Yes,76.71,2408.13,No
CUST10743,Female,1,No,No,57,Month-to-month,Fiber optic,Yes,Bank transfer,Yes,No,Yes,69.88,3828.06,Yes
CUST10864,Female,0,Yes,Yes,12,Month-to-month,No,Yes,Credit card,No,No,No,38.46,330.05,No
CUST10892,Male,0,Yes,No,12,One year,DSL,No,Mailed check,No,No,No,36.18,600.05,No
CUST11039,Male,1,No,No,34,Month-to-month,No,Yes,Mailed check,No,No,No,26.65,985.14,No
CUST10207,Female,1,No,Yes,30,Month-to-month,Fiber optic,No,Mailed check,Yes,No,No,58.58,1726.93,Yes
CUST10393,Female,0,No,No,2,Two year,Fiber optic,Yes,Electronic check,No,No,Yes,72.74,143.53,No
CUST10795,Male,0,No,No,58,Month-to-month,Fiber optic,No,Electronic check,No,No,Yes,70.28,4153.03,No
CUST10871,Male,0,No,Yes,4,Two year,DSL,No,Electronic check,No,Yes,Yes,60.98,301.36,No
CUST10398,Female,0,No,No,7,Month-to-month,DSL,Yes,Electronic check,Yes,Yes,Yes,57.92,464.75,No
CUST10767,Male,0,Yes,No,27,Month-to-month,Fiber optic,Yes,Bank transfer,No,No,No,58.73,1650.27,No
CUST11100,Male,0,No,No,13,Month-to-month,Fiber optic,Yes,Mailed check,No,No,No,61.17,876.68,Yes
CUST11029,Male,0,Yes,No,23,Month-to-month,Fiber optic,Yes,Bank transfer,Yes,No,No,65.67,1509.32,No
CUST10643,Female,0,No,Yes,70,Month-to-month,DSL,No,Bank transfer,Yes,No,Yes,50.97,3510.73,No
CUST10613,Female,0,Yes,No,62,One year,No,No,Electronic check,No,No,No,24.93,1457.48,No
CUST10961,Male,0,Yes,No,54,Month-to-month,DSL,Yes,Mailed check,Yes,No,No,44.44,2362.95,No
CUST10726,Male,0,Yes,No,14,Month-to-month,Fiber optic,No,Electronic check,No,Yes,No,64.65,951.81,No
CUST10684,Female,0,No,No,38,Two year,DSL,No,Bank transfer,Yes,No,Yes,52.89,2254.4,No
CUST10099,Female,0,No,No,49,Month-to-month,Fiber optic,Yes,Bank transfer,No,No,Yes,56.63,2705.49,No
CUST10805,Female,0,No,No,33,Month-to-month,DSL,Yes,Bank transfer,Yes,Yes,No,50.45,1788.07,No
CUST10407,Female,0,No,No,36,One year,No,Yes,Mailed check,No,No,No,30.2,1331.33,No
CUST10503,Male,1,Yes,Yes,65,One year,Fiber optic,Yes,Electronic check,No,No,No,58.56,3931.71,No
CUST11072,Female,1,Yes,No,67,One year,DSL,No,Credit card,Yes,No,Yes,53.86,3526.49,No
CUST11057,Female,0,Yes,No,26,Month-to-month,Fiber optic,Yes,Electronic check,No,No,No,57.67,1545.79,Yes
CUST10930,Male,0,Yes,No,20,One year,DSL,Yes,Mailed check,No,No,Yes,48.77,834.32,No
CUST10780,Male,0,Yes,No,48,Month-to-month,Fiber optic,Yes,Credit card,Yes,Yes,No,65.14,3126.5,No
CUST10201,Male,0,No,No,69,Two year,DSL,Yes,Credit card,Yes,No,No,48.83,3493.01,No
CUST10135,Male,0,No,No,27,Two year,DSL,Yes,Mailed check,Yes,No,No,49.1,1402.09,No
CUST11052,Male,0,No,No,4,Month-to-month,DSL,Yes,Electronic check,Yes,No,No,45.5,198.22,No
CUST10041,Male,0,No,No,23,Month-to-month,DSL,Yes,Mailed check,No,No,Yes,51.02,878.77,No
CUST11018,Male,0,Yes,No,19,Month-to-month,Fiber optic,Yes,Mailed check,Yes,No,Yes,76.89,1477.09,No
CUST10231,Female,0,No,No,38,Month-to-month,No,Yes,Credit card,No,No,No,31.44,1237.34,No
CUST10379,Female,0,Yes,No,2,Two year,DSL,Yes,Bank transfer,No,No,No,39.35,20.0,No
CUST10289,Male,0,Yes,No,50,Month-to-month,DSL,No,Credit card,Yes,Yes,Yes,55.23,2784.46,No
CUST10419,Female,1,Yes,Yes,37,Month-to-month,Fiber optic,Yes,Mailed check,Yes,Yes,Yes,74.29,2716.16,No
CUST10392,Male,0,Yes,No,4,Month-to-month,Fiber optic,Yes,Bank transfer,Yes,Yes,No,71.36,287.26,No
CUST10593,Male,0,No,No,70,Month-to-month,Fiber optic,Yes,Electronic check,No,Yes,No,61.73,4357.82,Yes
CUST11087,Male,1,Yes,No,23,Month-to-month,Fiber optic,Yes,Bank transfer,No,No,Yes,66.99,1502.47,No
CUST10648,Male,0,Yes,No,3,Month-to-month,Fiber optic,Yes,Bank transfer,No,No,Yes,64.96,93.52,Yes
CUST10521,Female,1,No,No,49,One year,DSL,Yes,Bank transfer,No,No,Yes,44.52,2238.47,No
CUST10065,Male,0,Yes,No,30,Month-to-month,DSL,No,Bank transfer,No,No,No,39.13,1177.19,No
CUST10015,Female,1,No,No,10,Month-to-month,No,No,Credit card,No,No,No,32.12,142.3,No
CUST11065,Female,1,Yes,Yes,18,One year,DSL,Yes,Electronic check,Yes,No,Yes,49.25,840.88,No
CUST10493,Male,0,Yes,No,46,Month-to-month,DSL,Yes,Credit card,Yes,No,No,45.2,2015.06,No
CUST10380,Male,0,No,Yes,42,Two year,No,Yes,Mailed check,No,No,No,30.35,1215.68,No
CUST10188,Male,0,Yes,No,67,Two year,DSL,Yes,Bank transfer,Yes,No,No,45.02,3034.49,No
CUST10764,Female,0,Yes,No,36,Month-to-month,Fiber optic,No,Credit card,No,No,Yes,70.49,2412.52,No
CUST10217,Female,0,Yes,No,34,Month-to-month,DSL,Yes,Credit card,No,Yes,Yes,49.54,1715.99,No
CUST10792,Female,0,No,No,53,One year,DSL,No,Electronic check,Yes,Yes,No,51.89,2760.62,No
CUST11077,Female,0,Yes,No,13,Month-to-month,Fiber optic,Yes,Electronic check,No,No,Yes,66.14,949.69,No
CUST10879,Male,0,Yes,No,60,Month-to-month,DSL,No,Electronic check,No,Yes,Yes,53.26,3439.59,No
CUST10338,Male,1,Yes,No,63,Two year,DSL,No,Credit card,Yes,No,Yes,66.66,4183.51,No
CUST10720,Female,0,Yes,Yes,57,Two year,Fiber optic,Yes,Mailed check,No,No,Yes,68.63,3808.04,No
CUST10296,Female,0,No,No,14,Month-to-month,DSL,Yes,Electronic check,No,No,No,38.7,544.81,Yes
CUST11017,Female,1,No,No,24,Two year,DSL,Yes,Electronic check,No,No,Yes,49.8,1262.54,Yes
CUST10456,Male,0,Yes,No,38,Month-to-month,DSL,Yes,Electronic check,No,Yes,No,43.14,1765.25,No
CUST10816,Male,1,Yes,Yes,52,Two year,DSL,Yes,Electronic check,No,Yes,No,40.14,2250.99,No
CUST10270,Male,1,No,No,14,Month-to-month,Fiber optic,Yes,Mailed check,No,No,No,59.74,876.95,Yes
CUST10996,Male,0,No,No,31,Month-to-month,DSL,Yes,Credit card,Yes,Yes,No,54.37,1766.46,No
CUST10202,Female,0,No,Yes,59,Month-to-month,DSL,No,Credit card,No,No,No,43.73,2554.3,No
CUST10162,Male,0,No,No,50,Month-to-month,DSL,Yes,Mailed check,Yes,Yes,Yes,63.27,3331.22,No
CUST10730,Female,0,No,No,67,Month-to-month,Fiber optic,Yes,Mailed check,Yes,No,Yes,69.08,4621.36,No
CUST10402,Female,0,Yes,No,12,Month-to-month,Fiber optic,Yes,Mailed check,Yes,Yes,Yes,76.02,744.93,Yes
CUST10703,Male,0,No,No,12,One year,Fiber optic,No,Mailed check,No,No,Yes,63.24,823.51,No
CUST11130,Female,0,Yes,No,34,Two year,Fiber optic,No,Bank transfer,No,No,No,55.65,1804.94,No
CUST10566,Female,0,Yes,No,21,Two year,Fiber optic,Yes,Credit card,No,No,No,55.89,1081.96,No
CUST11022,Male,0,Yes,No,62,Month-to-month,Fiber optic,Yes,Bank transfer,No,Yes,No,65.38,4201.84,No
CUST11026,Female,0,No,No,49,Month-to-month,Fiber optic,Yes,Mailed check,Yes,No,No,65.44,3056.24,No
CUST11105,Female,0,Yes,No,69,Month-to-month,Fiber optic,Yes,Credit card,Yes,Yes,No,71.38,5043.03,No
CUST10206,Male,0,No,No,51,One year,DSL,Yes,Credit card,No,Yes,Yes,50.62,2649.56,No
CUST10035,Female,0,No,No,1,One year,No,No,Electronic check,No,No,No,25.2,79.2,No
CUST10776,Male,1,Yes,Yes,4,Month-to-month,DSL,Yes,Credit card,Yes,Yes,Yes,65.41,385.41,Yes
CUST10509,Female,0,No,No,4,Month-to-month,DSL,Yes,Electronic check,No,No,No,44.0,218.26,Yes
CUST11184,Female,0,No,No,62,Month-to-month,Fiber optic,Yes,Credit card,No,No,Yes,68.29,4288.31,No
CUST10092,Female,0,No,Yes,56,Two year,No,No,Electronic check,No,No,No,22.36,1233.87,No
CUST10898,Female,0,No,Yes,43,Month-to-month,DSL,No,Credit card,No,No,Yes,49.71,2141.92,No
CUST10565,Female,0,No,No,24,One year,No,Yes,Credit card,No,No,No,25.72,665.04,No
CUST10777,Male,0,Yes,No,37,Two year,DSL,Yes,Mailed check,No,No,Yes,54.79,1915.41,No
CUST10242,Male,0,Yes,Yes,35,Two year,No,No,Electronic check,No,No,No,36.02,1455.6,No
CUST10014,Male,0,Yes,Yes,32,Two year,DSL,Yes,Mailed check,Yes,Yes,Yes,61.89,1918.22,No
CUST10316,Female,0,No,Yes,8,Month-to-month,Fiber optic,No,Credit card,No,No,Yes,65.59,534.47,No
CUST10601,Male,0,No,No,15,Month-to-month,Fiber optic,No,Electronic check,No,Yes,Yes,69.64,1065.39,No
CUST10388,Male,0,Yes,Yes,47,Month-to-month,Fiber optic,Yes,Bank transfer,Yes,No,Yes,71.59,3243.9,No
CUST10167,Female,0,No,Yes,1,One year,Fiber optic,Yes,Bank transfer,No,No,Yes,69.29,119.95,No
CUST10841,Male,1,No,No,39,One year,Fiber optic,Yes,Mailed check,No,Yes,No,67.85,2628.07,No
CUST10021,Female,0,No,Yes,69,One year,DSL,No,Mailed check,No,No,Yes,51.52,3702.33,No
CUST10647,Male,0,Yes,No,33,Month-to-month,DSL,No,Mailed check,No,Yes,Yes,52.18,1671.62,No
CUST11155,Female,1,No,Yes,20,Two year,DSL,No,Electronic check,No,No,Yes,54.44,957.83,No
CUST10832,Male,0,No,No,66,One year,Fiber optic,Yes,Mailed check,Yes,No,No,66.22,4308.16,No
CUST10563,Male,0,Yes,No,12,One year,Fiber optic,Yes,Mailed check,No,Yes,No,63.01,822.45,Yes
CUST11171,Female,0,No,No,44,Two year,No,Yes,Credit card,No,No,No,24.67,1090.68,No
CUST10687,Female,0,No,No,64,One year,Fiber optic,Yes,Bank transfer,No,No,Yes,59.51,3731.36,No
CUST10958,Male,0,No,No,26,Month-to-month,No,No,Bank transfer,No,No,No,27.36,729.41,No
CUST10190,Female,1,Yes,No,10,Month-to-month,DSL,No,Credit card,No,No,Yes,48.75,491.46,No
CUST10976,Female,0,Yes,No,64,Two year,DSL,Yes,Credit card,No,No,No,43.49,2899.11,No
CUST10700,Male,0,No,No,25,Month-to-month,No,Yes,Electronic check,No,No,No,33.61,536.85,No
CUST10511,Male,0,No,Yes,26,One year,Fiber optic,No,Mailed check,Yes,No,No,61.56,1612.39,No
CUST11083,Male,0,Yes,Yes,71,Two year,DSL,Yes,Mailed check,No,Yes,No,45.37,3417.24,No
CUST10475,Male,1,No,No,68,Month-to-month,Fiber optic,Yes,Electronic check,No,Yes,No,67.15,4443.92,No
CUST10857,Male,0,Yes,No,71,Month-to-month,DSL,Yes,Bank transfer,Yes,Yes,Yes,62.35,4402.58,No
CUST10748,Male,0,No,No,1,One year,Fiber optic,Yes,Mailed check,Yes,No,Yes,73.0,20.0,No
CUST10253,Female,0,Yes,No,6,Month-to-month,DSL,Yes,Credit card,No,Yes,Yes,60.62,385.65,No
CUST10022,Male,0,No,Yes,62,One year,DSL,No,Mailed check,No,Yes,Yes,53.75,3373.36,No
CUST10460,Male,0,Yes,Yes,9,Month-to-month,Fiber optic,Yes,Credit card,No,No,Yes,67.54,572.69,Yes
CUST10277,Male,0,Yes,No,35,Month-to-month,DSL,Yes,Electronic check,No,Yes,Yes,53.88,1931.76,No
CUST10956,Male,0,No,Yes,49,Two year,Fiber optic,No,Credit card,Yes,Yes,No,68.18,3336.65,No
CUST10386,Female,0,No,Yes,6,Month-to-month,DSL,No,Credit card,Yes,Yes,No,47.58,279.8,No
CUST10806,Female,0,Yes,No,12,One year,DSL,Yes,Bank transfer,Yes,Yes,No,45.34,587.82,No
CUST10344,Female,0,No,Yes,63,Month-to-month,Fiber optic,Yes,Electronic check,No,No,Yes,64.94,4132.43,No
CUST10770,Male,0,No,No,28,Month-to-month,No,No,Electronic check,No,No,No,28.95,852.68,No
CUST10131,Female,0,No,No,63,Month-to-month,No,Yes,Mailed check,No,No,No,25.95,1598.68,Yes
CUST10872,Female,0,No,Yes,51,One year,DSL,Yes,Mailed check,No,Yes,No,47.81,2388.57,No
CUST11124,Male,0,No,Yes,17,Month-to-month,DSL,Yes,Bank transfer,No,No,Yes,49.27,874.68,No
CUST10088,Male,0,No,No,17,Month-to-month,Fiber optic,Yes,Electronic check,Yes,No,No,63.5,945.18,Yes
CUST10331,Male,0,No,No,23,Month-to-month,Fiber optic,Yes,Mailed check,Yes,Yes,Yes,82.04,1945.42,No
CUST10467,Female,0,Yes,No,22,One year,Fiber optic,No,Mailed check,No,Yes,Yes,68.39,1500.58,No
CUST10122,Male,0,Yes,Yes,32,Month-to-month,Fiber optic,Yes,Mailed check,No,Yes,Yes,68.09,2167.58,No
CUST11045,Female,0,No,No,39,Month-to-month,Fiber optic,Yes,Bank transfer,No,No,No,57.88,2256.59,No
CUST11096,Female,0,Yes,Yes,20,Month-to-month,Fiber optic,No,Electronic check,No,No,No,56.61,1292.48,No
CUST11131,Female,0,No,Yes,36,Two year,DSL,Yes,Bank transfer,No,No,Yes,54.36,1804.89,No
CUST10861,Female,0,No,Yes,29,Two year,Fiber optic,No,Bank transfer,No,Yes,No,62.27,1736.86,No
CUST11127,Female,0,Yes,No,7,One year,DSL,Yes,Bank transfer,No,Yes,No,43.13,108.67,No
